region,distrito,municipio_escolar,codigo_escuela,nombre_escuela,matricula5_17,matricula5_17bnp
ARECIBO,ARECIBO,ARECIBO I,10017,FELIX ROSARIO RIOS (ESPECIALIZADA BILINGUE),198,117
ARECIBO,ARECIBO,ARECIBO I,10058,S. U. RAMON E. BETANCES,350,264
ARECIBO,ARECIBO,ARECIBO I,10108,LOS CANOS,136,109
ARECIBO,ARECIBO,ARECIBO I,10124,JUSTINIANO TORRES,111,94
ARECIBO,ARECIBO,ARECIBO I,10215,DOMINGO RUIZ,184,139
ARECIBO,ARECIBO,ARECIBO I,10272,S. U. EUGENIO MARIA DE HOSTOS,523,387
ARECIBO,ARECIBO,ARECIBO I,10322,S. U. ENRIQUE DE JESUS BORRAS,286,229
ARECIBO,ARECIBO,ARECIBO I,10405,LUIS FELIPE PEREZ,193,168
ARECIBO,ARECIBO,ARECIBO I,10488,ROSA L. RIVERA SERRANO (S. U. RIO ARRIBA),110,78
ARECIBO,ARECIBO,ARECIBO I,10520,S. U. DIEGO BRAVO,198,151
ARECIBO,ARECIBO,ARECIBO I,10546,S. U. FEDERICO DEGETAU,452,337
ARECIBO,ARECIBO,ARECIBO I,10637,ANGELICA GOMEZ BETANCOURT,101,84
ARECIBO,ARECIBO,ARECIBO I,14241,TRINA PADILLA DE SANZ,286,235
ARECIBO,ARECIBO,ARECIBO I,15461,MARIA CATALINA TEJADA,127,96
ARECIBO,ARECIBO,ARECIBO I,17558,SUPERIOR VOC.NUEVA (ANTONIO LUCHETTI),1074,714
ARECIBO,ARECIBO,ARECIBO I,17780,ELEMENTAL NUEVA (FACTOR V),433,258
ARECIBO,ARECIBO,ARECIBO II,10082,DR. FRANCISCO M. SUSONI,270,199
ARECIBO,ARECIBO,ARECIBO II,10173,COTTO ANEXO,29,23
ARECIBO,ARECIBO,ARECIBO II,10207,DOLORES GOMEZ DE ROMAN,186,149
ARECIBO,ARECIBO,ARECIBO II,10314,JULIO SEIJO,265,185
ARECIBO,ARECIBO,ARECIBO II,10348,JOSE GUALBERTO PADILLA,280,263
ARECIBO,ARECIBO,ARECIBO II,10355,JOHN W. HARRIS,248,223
ARECIBO,ARECIBO,ARECIBO II,10363,THOMAS JEFFERSON,269,209
ARECIBO,ARECIBO,ARECIBO II,10439,S. U. DR. CAYETANO COLL Y TOSTE,576,399
ARECIBO,ARECIBO,ARECIBO II,10512,S. U. MANUEL RUIZ GANDIA,584,421
ARECIBO,ARECIBO,ARECIBO II,10611,VICTOR ROJAS #1,73,68
ARECIBO,ARECIBO,ARECIBO II,10629,VICTOR ROJAS #2,252,191
ARECIBO,ARECIBO,ARECIBO II,14381,CENTRO PRE-VOC. JOSE LIMON ARCE,38,36
ARECIBO,ARECIBO,ARECIBO II,14563,MARTIN DELGADO DELGADO,121,89
ARECIBO,ARECIBO,ARECIBO II,14787,FRANCISCO G. PACHIN MARIN,407,258
ARECIBO,ARECIBO,ARECIBO II,15024,ELBA LUGO CARRION ,316,167
ARECIBO,ARECIBO,ARECIBO II,15701,LUIS MUNOZ RIVERA,103,69
ARECIBO,ARECIBO,ARECIBO II,15784,ABELARDO MARTINEZ OTERO,415,273
ARECIBO,ARECIBO,ARECIBO II,17111,LUIS MUNOZ MARIN,268,211
ARECIBO,ARECIBO,ARECIBO II,17749,S. U. BARRIO SABANA HOYOS (NUEVA),722,548
ARECIBO,ARECIBO,ARECIBO II,18192,SUPERIOR MARIA CADILLA DE HERNANDEZ,505,414
ARECIBO,ARECIBO,HATILLO,11353,MANUEL CORCHADO,115,102
ARECIBO,ARECIBO,HATILLO,11387,LUIS MELENDEZ RODRIGUEZ ELEM.,263,221
ARECIBO,ARECIBO,HATILLO,11395,LUIS MUNOZ RIVERA,315,249
ARECIBO,ARECIBO,HATILLO,11403,EUGENIO MARIA DE HOSTOS,320,260
ARECIBO,ARECIBO,HATILLO,11411,CARMEN N PERAZA TOLEDO,227,172
ARECIBO,ARECIBO,HATILLO,11437,ADRIAN MARTINEZ GANDIA,181,156
ARECIBO,ARECIBO,HATILLO,11445,JULIET A. CASEY,264,233
ARECIBO,ARECIBO,HATILLO,11460,ROSA E. MOLINARI,135,113
ARECIBO,ARECIBO,HATILLO,11478,JOAQUIN RODRIGUEZ RUIZ,265,212
ARECIBO,ARECIBO,HATILLO,11494,S. U. RAFAEL ZAMOT CRUZ,321,279
ARECIBO,ARECIBO,HATILLO,11502,TIMOTEO ( TITO ) DELGADO,461,351
ARECIBO,ARECIBO,HATILLO,11528,LORENZO COBALLES GANDIA,284,231
ARECIBO,ARECIBO,HATILLO,15768,JOSE GAUTIER BENITEZ,275,220
ARECIBO,ARECIBO,HATILLO,17301,LUIS MELENDEZ RODRIGUEZ INTERMEDIA,343,228
ARECIBO,ARECIBO,HATILLO,17772,PADRE ANIBAL REYES BELEN (SUP NUEVA),689,482
ARECIBO,CAMUY,CAMUY,10850,JOSE M. HERNANDEZ,128,105
ARECIBO,CAMUY,CAMUY,10892,S. U. JOAQUIN VAZQUEZ CRUZ ,429,335
ARECIBO,CAMUY,CAMUY,10926,PABLO AVILA GONZALEZ,346,274
ARECIBO,CAMUY,CAMUY,10942,JULIAN BLANCO,75,63
ARECIBO,CAMUY,CAMUY,10959,LAURENTINO ESTRELLA,227,164
ARECIBO,CAMUY,CAMUY,10967,RALPH W. EMERSON,395,253
ARECIBO,CAMUY,CAMUY,11023,S. U. ANTONIO REYES,629,429
ARECIBO,CAMUY,CAMUY,11031,S. U. SANTIAGO R. PALMER,418,330
ARECIBO,CAMUY,CAMUY,11072,INTERMEDIA ROMAN  BALDORIOTY DE CASTRO,276,199
ARECIBO,CAMUY,CAMUY,11080,PEDRO AMADOR,161,138
ARECIBO,CAMUY,CAMUY,11756,LUIS FELIPE RODRIGUEZ,382,267
ARECIBO,CAMUY,CAMUY,17327,SUPERIOR MIGUEL F. SANTIAGO ECHEGARAY,303,227
ARECIBO,CAMUY,CAMUY,17384,LUIS F. CRESPO (SUP. NUEVA),649,467
ARECIBO,CAMUY,CAMUY,17467,AMALIA LOPEZ DE AVILA,169,130
ARECIBO,CAMUY,LARES,11536,PILETAS ARCE,111,91
ARECIBO,CAMUY,LARES,11593,GABRIELA MISTRAL,215,176
ARECIBO,CAMUY,LARES,11643,DOMINGO APONTE COLLAZO,863,637
ARECIBO,CAMUY,LARES,11650,CONSUELO GONZALEZ,121,110
ARECIBO,CAMUY,LARES,11718,GONZALEZ BELLO,102,64
ARECIBO,CAMUY,LARES,11767,JUAN C. PAGAN,242,189
ARECIBO,CAMUY,LARES,11908,JULIO LEBRON (RABANOS ELEM.),176,132
ARECIBO,CAMUY,LARES,11916,RAFAEL MARTINEZ NADAL,170,122
ARECIBO,CAMUY,LARES,11924,MANUEL  ROJAS LUZARDO (S.U.BARTOLO),112,99
ARECIBO,CAMUY,LARES,11932,S. U. ANGELICA DELGADO (S.U. AMERICA),668,557
ARECIBO,CAMUY,LARES,11940,S. U. JOSEFINA LINARES,177,135
ARECIBO,CAMUY,LARES,11957,DON IGNACIO DICUPE GONZALEZ,235,179
ARECIBO,CAMUY,LARES,12005,GEORGE WASHINGTON,128,107
ARECIBO,CAMUY,LARES,14480,MARIANO REYES CUEBAS,173,132
ARECIBO,CAMUY,LARES,15917,RAMON DE JESUS SIERRA,498,384
ARECIBO,CAMUY,LARES,17673,ELEMENTAL DANIEL VELEZ SOTO,263,218
ARECIBO,CAMUY,LARES,18226,INTERMEDIA BO. PILETAS (INTERMEDIA NUEVA),321,264
ARECIBO,CAMUY,QUEBRADILLAS,12799,RAMON EMETERIO BETANCES,383,350
ARECIBO,CAMUY,QUEBRADILLAS,12807,S. U. EUGENIO MARIA DE HOSTOS,180,156
ARECIBO,CAMUY,QUEBRADILLAS,12849,JOSE DE DIEGO,107,73
ARECIBO,CAMUY,QUEBRADILLAS,12872,DR. PEDRO ALBIZU CAMPOS,294,240
ARECIBO,CAMUY,QUEBRADILLAS,12880,RAMON AVILA MOLINARI,178,150
ARECIBO,CAMUY,QUEBRADILLAS,12898,RAMON SAAVEDRA,232,170
ARECIBO,CAMUY,QUEBRADILLAS,12914,S. U. HONORIO HERNANDEZ,533,406
ARECIBO,CAMUY,QUEBRADILLAS,12922,S. U. LUIS MUNOZ RIVERA,686,474
ARECIBO,CAMUY,QUEBRADILLAS,12930,JUAN ALEJO ARIZMENDI,514,411
ARECIBO,CAMUY,QUEBRADILLAS,17368,MANUEL RAMOS HERNANDEZ,516,350
ARECIBO,MANATI,BARCELONETA,10686,EASTON,186,150
ARECIBO,MANATI,BARCELONETA,10702,FERNANDO SURIA CHAVES,719,531
ARECIBO,MANATI,BARCELONETA,10728,JOSE CORDERO ROSARIO,214,147
ARECIBO,MANATI,BARCELONETA,10736,PRIMITIVO MARCHAND,145,115
ARECIBO,MANATI,BARCELONETA,10744,IMBERY,275,227
ARECIBO,MANATI,BARCELONETA,10785,AGUSTIN BALSEIRO,124,98
ARECIBO,MANATI,BARCELONETA,10835,DR FRANCISCO VAZQUEZ COLON (S.U.MAGUEYES),268,214
ARECIBO,MANATI,BARCELONETA,18176,ELi RAMOS ROSARIO,515,442
ARECIBO,MANATI,BARCELONETA,18184,NUEVA INTERMEDIA,603,505
ARECIBO,MANATI,BARCELONETA,18234,VICENTE ACEVEDO BALLESTER,333,164
ARECIBO,MANATI,CIALES,11155,REPUBLICA DEL ECUADOR,93,55
ARECIBO,MANATI,CIALES,11163,CRISTOBAL VICENS,120,93
ARECIBO,MANATI,CIALES,11239,HATO VIEJO CUMBRE,132,94
ARECIBO,MANATI,CIALES,11262,CONCEPCION PEREZ,78,67
ARECIBO,MANATI,CIALES,11270,PESA PARCELAS,107,86
ARECIBO,MANATI,CIALES,11312,S. U. TORIBIO RIVERA,257,233
ARECIBO,MANATI,CIALES,11320,S. U. FRANCISCO SERRANO,290,233
ARECIBO,MANATI,CIALES,17152,ZENON RIVERA,72,64
ARECIBO,MANATI,CIALES,17319,JUAN ANTONIO CORRETJER,566,428
ARECIBO,MANATI,CIALES,17889,JAIME COIRA ORTIZ  (S.U. BO. POZAS),268,207
ARECIBO,MANATI,CIALES,18291,NUEVA ESCUELA URBANA DE CIALES,854,716
ARECIBO,MANATI,FLORIDA,10710,JUANITA RAMIREZ GONZALEZ,463,344
ARECIBO,MANATI,FLORIDA,10769,ADOLFO EGUEN,172,143
ARECIBO,MANATI,FLORIDA,10827,JUAN PONCE DE LEON II,538,404
ARECIBO,MANATI,FLORIDA,16287,FRANCISCO FRIAS MORALES,230,192
ARECIBO,MANATI,FLORIDA,17459,RICARDO RODRIGUEZ TORRES,338,283
ARECIBO,MANATI,FLORIDA,17764,LEONARDO VALENTIN TIRADO,318,233
ARECIBO,MANATI,MANATI,12021,JOSE MELENDEZ AYALA I,140,101
ARECIBO,MANATI,MANATI,12039,MICAELA ESCUDERO,182,155
ARECIBO,MANATI,MANATI,12047,AUGUSTO COHEN,193,164
ARECIBO,MANATI,MANATI,12062,FRANCISCO MENENDEZ BALBANE,151,145
ARECIBO,MANATI,MANATI,12070,FELIX CORDOVA DAVILA,265,217
ARECIBO,MANATI,MANATI,12088,FERNANDO CALLEJO,495,416
ARECIBO,MANATI,MANATI,12096,JESUS T. PINERO,252,229
ARECIBO,MANATI,MANATI,12104,JOSE DE DIEGO,180,166
ARECIBO,MANATI,MANATI,12138,EVARISTO CAMACHO,164,131
ARECIBO,MANATI,MANATI,12153,CLEMENTE RAMIREZ ARELLANO,331,287
ARECIBO,MANATI,MANATI,12187,ANTONIO VELEZ ALVARADO,207,157
ARECIBO,MANATI,MANATI,12195,S. U. FEDERICO FREYTES RODZ.,148,119
ARECIBO,MANATI,MANATI,12211,JOSEFA RIVERA MIRANDA,104,81
ARECIBO,MANATI,MANATI,12229,TEODOMIRO TABOAS,299,273
ARECIBO,MANATI,MANATI,12237,CRUZ ROSA RIVAS,219,161
ARECIBO,MANATI,MANATI,14779,JUAN A. SANCHEZ DAVILA,288,256
ARECIBO,MANATI,MANATI,17350,PETRA CORRETJER DE ONEILL,548,354
ARECIBO,MANATI,MANATI,17418,NUEVA JUAN S MARCHAND,624,514
ARECIBO,VEGA ALTA,DORADO,18259,ELEMENTAL BO.HIGUILLAR (ECOLOGICA),333,236
ARECIBO,VEGA ALTA,DORADO,71076,JACINTO LOPEZ MARTINEZ,446,317
ARECIBO,VEGA ALTA,DORADO,71084,RICARDO ARROYO LARACUENTE,387,312
ARECIBO,VEGA ALTA,DORADO,71092,JOSE SANTOS ALEGRIA,678,504
ARECIBO,VEGA ALTA,DORADO,71118,LUIS MUNOZ RIVERA,247,130
ARECIBO,VEGA ALTA,DORADO,71126,TERESA PRESTAMO,171,135
ARECIBO,VEGA ALTA,DORADO,71134,LUISA M. VALDERRAMA(SAN ANTONIO),332,282
ARECIBO,VEGA ALTA,DORADO,71167,ESPINOSA KUILAN,176,125
ARECIBO,VEGA ALTA,DORADO,71175,ELEMENTAL ALFONSO LOPEZ  (MAGUAYO),209,171
ARECIBO,VEGA ALTA,DORADO,71183,INTERMEDIA PEDRO LOPEZ CANINO,290,229
ARECIBO,VEGA ALTA,DORADO,74450,MARCELINO CANINO CANINO,414,340
ARECIBO,VEGA ALTA,DORADO,76562,ELEMENTAL BO. RIO LAJAS,194,144
ARECIBO,VEGA ALTA,VEGA ALTA,18267,JOSE PAGAN DE JESUS,366,318
ARECIBO,VEGA ALTA,VEGA ALTA,71720,ELEMENTAL URBANA,240,219
ARECIBO,VEGA ALTA,VEGA ALTA,71738,ANTONIO PAOLI,383,294
ARECIBO,VEGA ALTA,VEGA ALTA,71746,RAFAEL HERNANDEZ,281,204
ARECIBO,VEGA ALTA,VEGA ALTA,71753,IGNACIO MIRANDA,310,270
ARECIBO,VEGA ALTA,VEGA ALTA,71761,APOLO SAN ANTONIO,635,536
ARECIBO,VEGA ALTA,VEGA ALTA,71779,LADISLAO MARTINEZ,588,404
ARECIBO,VEGA ALTA,VEGA ALTA,71787,JOSE D. ROSADO (BAJURA ALMIRANTE),170,126
ARECIBO,VEGA ALTA,VEGA ALTA,71795,ELISA DAVILA (ESPINOSA ADENTRO),153,118
ARECIBO,VEGA ALTA,VEGA ALTA,71852,S. U. ADELAIDA VEGA,502,412
ARECIBO,VEGA ALTA,VEGA ALTA,76349,S. U. FRANCISCO FELICIE MARTINEZ (S.U. BRENAS),659,518
ARECIBO,VEGA ALTA,VEGA ALTA,79038,ILEANA DE GRACIA (SUP. URBANA),407,319
ARECIBO,VEGA ALTA,VEGA BAJA,13912,NUEVA BRIGIDA ALVAREZ (ESPECIALIZADA),487,168
ARECIBO,VEGA ALTA,VEGA BAJA,71860,JOSE G. PADILLA,327,295
ARECIBO,VEGA ALTA,VEGA BAJA,71878,SAN VICENTE,307,214
ARECIBO,VEGA ALTA,VEGA BAJA,71886,ANGEL SANDIN MARTINEZ,669,580
ARECIBO,VEGA ALTA,VEGA BAJA,71894,LINO PADRO RIVERA,721,575
ARECIBO,VEGA ALTA,VEGA BAJA,71902,CENTRO COMUNAL,214,183
ARECIBO,VEGA ALTA,VEGA BAJA,71936,FERNANDO ROSARIO VAZQUEZ,250,225
ARECIBO,VEGA ALTA,VEGA BAJA,71944,JOSE DE DIEGO,102,91
ARECIBO,VEGA ALTA,VEGA BAJA,71951,MANUEL NEGRON COLLAZO I,182,150
ARECIBO,VEGA ALTA,VEGA BAJA,71969,DR. JESUS M. ARMAIZ,156,123
ARECIBO,VEGA ALTA,VEGA BAJA,71977,MANUEL PADILLA DAVILA,144,123
ARECIBO,VEGA ALTA,VEGA BAJA,71985,EUGENIO MARIA DE HOSTOS,123,99
ARECIBO,VEGA ALTA,VEGA BAJA,71993,ALMIRANTITO,89,78
ARECIBO,VEGA ALTA,VEGA BAJA,72009,FEDERICO DEGETAU(ALMIRANTE SUR),82,71
ARECIBO,VEGA ALTA,VEGA BAJA,72017,ALMIRANTE SUR 2,122,110
ARECIBO,VEGA ALTA,VEGA BAJA,72033,ROSA M. RODRIQUEZ,88,66
ARECIBO,VEGA ALTA,VEGA BAJA,72041,CABO CARIBE,88,79
ARECIBO,VEGA ALTA,VEGA BAJA,72058,RAFAEL HERNANDEZ,297,226
ARECIBO,VEGA ALTA,VEGA BAJA,72074,OFELIA DIAZ RODRIQUEZ,158,131
ARECIBO,VEGA ALTA,VEGA BAJA,72082,ELEMENTAL MANUEL MARTINEZ DAVILA,583,494
ARECIBO,VEGA ALTA,VEGA BAJA,72090,S. U. ALMIRANTE NORTE,522,427
ARECIBO,VEGA ALTA,VEGA BAJA,73494,CENTRO ADIESTRAMIENTO ,68,62
ARECIBO,VEGA ALTA,VEGA BAJA,74807,AGAPITO ROSARIO ROSARIO,588,430
ARECIBO,VEGA ALTA,VEGA BAJA,75267,JUAN QUIRINDONGO MORELL(SUPERIOR),595,431
BAYAMON,BAYAMON,BAYAMON I,70003,JOSE DAVILA SEMPRIT,193,161
BAYAMON,BAYAMON,BAYAMON I,70011,VIRGILIO DAVILA,268,210
BAYAMON,BAYAMON,BAYAMON I,70029,ARTURO SOMOHANO,140,124
BAYAMON,BAYAMON,BAYAMON I,70037,DR. SANTOS J. SEPULVEDA,230,183
BAYAMON,BAYAMON,BAYAMON I,70045,RAMON MORALES PENA,467,366
BAYAMON,BAYAMON,BAYAMON I,70060,JUAN RAMON JIMENEZ,413,341
BAYAMON,BAYAMON,BAYAMON I,70078,INTERMEDIA CACIQUE AGUEYBANA (ESPECIALIZADA),343,259
BAYAMON,BAYAMON,BAYAMON I,70086,SUPERIOR CACIQUE AGUEYBANA (ESPECIALIZADA),221,162
BAYAMON,BAYAMON,BAYAMON I,70094,LUDOVICO COSTOSO,48,33
BAYAMON,BAYAMON,BAYAMON I,70102,JOSE JULIAN TAPIA DE LA ROSA,137,124
BAYAMON,BAYAMON,BAYAMON I,70110,TOMAS CARRION MADURO,112,92
BAYAMON,BAYAMON,BAYAMON I,70128,BRAULIO DUENO COLON,170,132
BAYAMON,BAYAMON,BAYAMON I,70458,INES M. MENDOZA DE MUNOZ MARIN,456,287
BAYAMON,BAYAMON,BAYAMON I,70474,RAUL JULIA,168,133
BAYAMON,BAYAMON,BAYAMON I,70490,DR. JOSE A. DAVILA,423,331
BAYAMON,BAYAMON,BAYAMON I,70516,DR. AGUSTIN STAHL,727,496
BAYAMON,BAYAMON,BAYAMON I,70540,CARMEN GOMEZ TEJERA,342,227
BAYAMON,BAYAMON,BAYAMON I,70581,LUIS PALES MATOS,458,332
BAYAMON,BAYAMON,BAYAMON I,70599,FAUSTINO SANTIAGO MONTALVO,152,134
BAYAMON,BAYAMON,BAYAMON I,70607,WILLIAN RIVERA PONCE,173,149
BAYAMON,BAYAMON,BAYAMON I,72108,NINOS Y JOVENES SORDOCIEGOS,5,3
BAYAMON,BAYAMON,BAYAMON I,73650,PEDRO P. CASABLANCA,135,110
BAYAMON,BAYAMON,BAYAMON I,73676,MARIA E. RODRIGUEZ,387,304
BAYAMON,BAYAMON,BAYAMON II,70276,MIGUEL MELENDEZ MUNOZ,293,198
BAYAMON,BAYAMON,BAYAMON II,70292,JULIO RESSY,329,301
BAYAMON,BAYAMON,BAYAMON II,70359,JOSE ANDINO AMEZQUITA,163,128
BAYAMON,BAYAMON,BAYAMON II,70391,DIEGO DE TORRES VARGAS,234,193
BAYAMON,BAYAMON,BAYAMON II,70409,BERNARDO HUYKE,257,195
BAYAMON,BAYAMON,BAYAMON II,70417,RAFAEL COLON SALGADO,309,237
BAYAMON,BAYAMON,BAYAMON II,70425,CRISTOBAL COLON,364,281
BAYAMON,BAYAMON,BAYAMON II,70433,CARLOS ORAMA PADILLA,327,253
BAYAMON,BAYAMON,BAYAMON II,70441,PADRE RUFO M. FERNANDEZ,269,228
BAYAMON,BAYAMON,BAYAMON II,70466,ANGEL MISLAN HUERTAS,166,113
BAYAMON,BAYAMON,BAYAMON II,70482,JOSE CAMPECHE (ESPECIALIZADA),281,199
BAYAMON,BAYAMON,BAYAMON II,70508,JESUS SANCHEZ ERAZO,605,363
BAYAMON,BAYAMON,BAYAMON II,70524,JOSEFINA BARCELO,220,156
BAYAMON,BAYAMON,BAYAMON II,70532,JOSEFINA MONSERRATE DE SELLES,207,153
BAYAMON,BAYAMON,BAYAMON II,70557,MARIA E. BAS DE VAZQUEZ,393,312
BAYAMON,BAYAMON,BAYAMON II,70565,DR. JOSE A. PADIN,59,43
BAYAMON,BAYAMON,BAYAMON II,70573,MARIANO FELIU BALSEIRO,408,333
BAYAMON,BAYAMON,BAYAMON II,70615,MIGUEL DE CERVANTES SAAVEDRA,320,251
BAYAMON,BAYAMON,BAYAMON II,70623,TOMAS C. ONGAY,798,521
BAYAMON,BAYAMON,BAYAMON II,70664,HERMINIA RIVERA (GUARAGUAO CARRETERA),382,307
BAYAMON,BAYAMON,BAYAMON II,70672,ANDRES C. GONZALEZ,315,236
BAYAMON,BAYAMON,BAYAMON III,70136,DR. HIRAM GONZALEZ,283,225
BAYAMON,BAYAMON,BAYAMON III,70144,EPIFANIO FERNANDEZ VANGA,269,181
BAYAMON,BAYAMON,BAYAMON III,70151,RAFAEL HERNANDEZ,306,263
BAYAMON,BAYAMON,BAYAMON III,70169,RAFAEL MARTINEZ NADAL,286,223
BAYAMON,BAYAMON,BAYAMON III,70177,JUAN MORELL CAMPOS,306,217
BAYAMON,BAYAMON,BAYAMON III,70185,NOEL ESTRADA,225,165
BAYAMON,BAYAMON,BAYAMON III,70193,AURELIO PEREZ MARTINEZ,144,125
BAYAMON,BAYAMON,BAYAMON III,70201,PABLO CASALS (ESPECIALIZADA BELLAS ARTES),429,257
BAYAMON,BAYAMON,BAYAMON III,70219,PAPA JUAN XXIII SUPERIOR,361,240
BAYAMON,BAYAMON,BAYAMON III,70227,PAJAROS AMERICANOS,110,105
BAYAMON,BAYAMON,BAYAMON III,70235,DOLORES ALVAREZ MONTANEZ,264,131
BAYAMON,BAYAMON,BAYAMON III,70243,REXVILLE ELEMENTAL,386,326
BAYAMON,BAYAMON,BAYAMON III,70250,MARTA VELEZ DE FAJARDO ,457,342
BAYAMON,BAYAMON,BAYAMON III,70268,INTERMEDIA REXVILLE,567,484
BAYAMON,BAYAMON,BAYAMON III,70284,FRANCISCO MANRIQUE CABRERA,470,333
BAYAMON,BAYAMON,BAYAMON III,70326,VAN SCOY,259,213
BAYAMON,BAYAMON,BAYAMON III,70334,S. U. CACIQUE MAJAGUA,355,285
BAYAMON,BAYAMON,BAYAMON III,70367,MARIA VAZQUEZ DE UMPIERRE,211,178
BAYAMON,BAYAMON,BAYAMON III,70680,JOSE M. TORRES,326,240
BAYAMON,BAYAMON,BAYAMON III,76257,S.U. ANTONIO RIVERA,276,209
BAYAMON,BAYAMON,BAYAMON III,77552,PAPA JUAN XXIII INTERMEDIA (ESPECIALIIZADA),403,210
BAYAMON,BAYAMON,BAYAMON III,78733,FRANCISCO GAZTAMBIDE,407,314
BAYAMON,COROZAL,COROZAL,70854,RAFAEL MARTINEZ NADAL,300,271
BAYAMON,COROZAL,COROZAL,70862,ABRAHAM LINCOLN,190,157
BAYAMON,COROZAL,COROZAL,70870,MANUEL BOU GALI,453,343
BAYAMON,COROZAL,COROZAL,70888,EMILIO R. DELGADO,777,593
BAYAMON,COROZAL,COROZAL,70904,FIDEL LOPEZ COLON,515,378
BAYAMON,COROZAL,COROZAL,70912,GENARO BOU,204,125
BAYAMON,COROZAL,COROZAL,70961,JOSE FERNANDEZ RUBIAL,129,103
BAYAMON,COROZAL,COROZAL,70979,HIPOLITO CALDERO,201,143
BAYAMON,COROZAL,COROZAL,70987,PALMARITO CENTRO,110,95
BAYAMON,COROZAL,COROZAL,70995,MANA,91,82
BAYAMON,COROZAL,COROZAL,71035,S. U. JULIAN MARRERO,452,384
BAYAMON,COROZAL,COROZAL,71043,DR. JOSE PADIN,383,311
BAYAMON,COROZAL,COROZAL,71050,S. U. NICOLAS RODRIGUEZ,556,414
BAYAMON,COROZAL,COROZAL,71068,S. U. DEMETRIO RIVERA,294,244
BAYAMON,COROZAL,COROZAL,74179,PORFIRIO CRUZ GARCIA,208,180
BAYAMON,COROZAL,NARANJITO,71217,MERCEDES ROSADO,500,372
BAYAMON,COROZAL,NARANJITO,71225,FRANCISCO MORALES,562,435
BAYAMON,COROZAL,NARANJITO,71282,DON MANOLO RIVERA,174,129
BAYAMON,COROZAL,NARANJITO,71290,BERNARDA ROBLES DE HEVIA,180,149
BAYAMON,COROZAL,NARANJITO,71308,ROSA L. ZAYAS (CEDRO ARRIBA),191,139
BAYAMON,COROZAL,NARANJITO,71316,JOSEFINA MARRERO FEBUS (LOMAS VALLES),172,134
BAYAMON,COROZAL,NARANJITO,71324,FELIPA SANCHEZ CRUZADO,181,145
BAYAMON,COROZAL,NARANJITO,71332,S. U. FIDEL G. PADILLA,154,135
BAYAMON,COROZAL,NARANJITO,71340,S. U. ADOLFO GARCIA,351,242
BAYAMON,COROZAL,NARANJITO,71357,S. U. PEDRO FERNANDEZ,416,285
BAYAMON,COROZAL,NARANJITO,74237,COLLEN VAZQUEZ URRUTIA,384,302
BAYAMON,COROZAL,NARANJITO,75234,SILVESTRE MARTINEZ,301,235
BAYAMON,COROZAL,NARANJITO,76356,FRANCISCO ROQUE MUNOZ,218,186
BAYAMON,COROZAL,NARANJITO,78857,RUBEN RODRiGUEZ FIGUEROA,753,487
BAYAMON,COROZAL,NARANJITO,78956,FRANCISCO LOPEZ CRUZ,455,334
BAYAMON,OROCOVIS,MOROVIS,12245,FRANCISCO RIVERA CLAUDIO,351,297
BAYAMON,OROCOVIS,MOROVIS,12260,ESPERANZA GONZALEZ,216,166
BAYAMON,OROCOVIS,MOROVIS,12278,JUANA M. (GOYITA) AVILES,365,231
BAYAMON,OROCOVIS,MOROVIS,12336,RAMON TORRES RIVERA,254,228
BAYAMON,OROCOVIS,MOROVIS,12351,DR. PEDRO N. ORTIZ,146,118
BAYAMON,OROCOVIS,MOROVIS,12369,JORGE L. MARRERO PADILLA,323,244
BAYAMON,OROCOVIS,MOROVIS,12377,JAIME A. COLLAZO DEL RIO,628,475
BAYAMON,OROCOVIS,MOROVIS,12385,MANUEL ALONSO DIAZ,249,215
BAYAMON,OROCOVIS,MOROVIS,12393,PERCHAS DIAZ,118,78
BAYAMON,OROCOVIS,MOROVIS,12401,S. U. JOSE R. BARRERAS,402,327
BAYAMON,OROCOVIS,MOROVIS,12419,S. U. DAVID COLON VEGA,334,183
BAYAMON,OROCOVIS,MOROVIS,12435,BARAHONA ELEMENTAL,351,262
BAYAMON,OROCOVIS,MOROVIS,14555,CARLOS M.ALVERIO PIMENTEL,137,83
BAYAMON,OROCOVIS,MOROVIS,17186,ANGEL G QUINTERO ALFARO,566,390
BAYAMON,OROCOVIS,MOROVIS,18242,JOSEFA DEL RIO GUERRERO,632,435
BAYAMON,OROCOVIS,OROCOVIS,12518,S. U. BONIFACIO ALVARADO,205,149
BAYAMON,OROCOVIS,OROCOVIS,12534,ANGEL GABRIEL RIVERA,73,67
BAYAMON,OROCOVIS,OROCOVIS,12567,DAMIAN ABAJO,92,75
BAYAMON,OROCOVIS,OROCOVIS,12575,ROMAN DIAZ AVILES,102,88
BAYAMON,OROCOVIS,OROCOVIS,12617,INTERMEDIA URBANA,196,158
BAYAMON,OROCOVIS,OROCOVIS,12625,GATO 1,145,103
BAYAMON,OROCOVIS,OROCOVIS,12633,VISITACION PAGAN,194,125
BAYAMON,OROCOVIS,OROCOVIS,12666,S. U. MATRULLAS,175,138
BAYAMON,OROCOVIS,OROCOVIS,12708,S. U. ANA DALILA BURGOS ORTIZ,204,167
BAYAMON,OROCOVIS,OROCOVIS,12716,S. U. BOTIJAS #1,242,186
BAYAMON,OROCOVIS,OROCOVIS,12724,S. U. ANA JOAQUINA ORTIZ( BOTIJAS #2),245,179
BAYAMON,OROCOVIS,OROCOVIS,12740,S. U. SALTOS CABRAS,218,186
BAYAMON,OROCOVIS,OROCOVIS,12765,S. U. SANAMUERTOS,310,258
BAYAMON,OROCOVIS,OROCOVIS,14340,SUPERIOR ALBERTO MELENDEZ TORRES,411,292
BAYAMON,OROCOVIS,OROCOVIS,14357,JOSE ROJAS CORTES,499,389
BAYAMON,OROCOVIS,OROCOVIS,17871,NELIDA MELENDEZ MELENDEZ (ELEM. URBANA),405,293
BAYAMON,TOA BAJA,CATAnO,70714,PUENTE BLANCO,114,108
BAYAMON,TOA BAJA,CATAnO,70722,HORACE MANN,147,108
BAYAMON,TOA BAJA,CATAnO,70755,ISAAC DEL ROSARIO,464,326
BAYAMON,TOA BAJA,CATAnO,70763,RAFAEL CORDERO,495,416
BAYAMON,TOA BAJA,CATAnO,70771,JOSE A. NIEVES,166,156
BAYAMON,TOA BAJA,CATAnO,70797,ROSENDO MATIENZO CINTRON,371,322
BAYAMON,TOA BAJA,CATAnO,70805,ONOFRE CARBALLEIRA,425,392
BAYAMON,TOA BAJA,CATAnO,70813,FRANCISCO OLLER,486,396
BAYAMON,TOA BAJA,CATAnO,70821,TEODORO ROOSEVELT,162,136
BAYAMON,TOA BAJA,CATAnO,70839,RAMON B. LOPEZ,106,97
BAYAMON,TOA BAJA,CATAnO,73668,MERCEDES GARCIA DE COLORADO,388,339
BAYAMON,TOA BAJA,TOA ALTA,71365,VIOLANTA JIMENEZ,326,269
BAYAMON,TOA BAJA,TOA ALTA,71373,JOSE PABLO MORALES,404,353
BAYAMON,TOA BAJA,TOA ALTA,71381,NICOLAS SEVILLA,515,411
BAYAMON,TOA BAJA,TOA ALTA,71399,JOSE MARIA DEL VALLE,320,270
BAYAMON,TOA BAJA,TOA ALTA,71407,JOSE DE DIEGO,250,185
BAYAMON,TOA BAJA,TOA ALTA,71415,LUIS MUNOZ RIVERA,148,132
BAYAMON,TOA BAJA,TOA ALTA,71423,SECUNDINO DIAZ,171,135
BAYAMON,TOA BAJA,TOA ALTA,71431,VIRGILIO MORALES,109,98
BAYAMON,TOA BAJA,TOA ALTA,71449,ALEJANDRO CRUZ (GALATEO PARCELAS),145,124
BAYAMON,TOA BAJA,TOA ALTA,71456,MERCED MARCANO,156,121
BAYAMON,TOA BAJA,TOA ALTA,71464,HERACLIO H. RIVERA COLON,229,214
BAYAMON,TOA BAJA,TOA ALTA,71472,MANUEL VELILLA,286,248
BAYAMON,TOA BAJA,TOA ALTA,71480,FELIPE DIAZ GONZALEZ,315,184
BAYAMON,TOA BAJA,TOA ALTA,73890,MARIA C. OSORIO,650,470
BAYAMON,TOA BAJA,TOA ALTA,74864,ABELARDO DIAZ ALFARO (INT. PINAS),471,368
BAYAMON,TOA BAJA,TOA ALTA,77651,TOMAS MASSO RIVERA MORALES,605,439
BAYAMON,TOA BAJA,TOA ALTA,78931,ADELA ROLON FUENTES,838,581
BAYAMON,TOA BAJA,TOA BAJA,71498,LUIS M. SANTIAGO,242,213
BAYAMON,TOA BAJA,TOA BAJA,71506,JOSE NEVAREZ LANDRON,613,539
BAYAMON,TOA BAJA,TOA BAJA,71514,ADOLFINA IRIZARRY DE PUIG,467,391
BAYAMON,TOA BAJA,TOA BAJA,71522,JOSE ROBLES OTERO,312,284
BAYAMON,TOA BAJA,TOA BAJA,71530,ALTINENCIA VALLE,563,500
BAYAMON,TOA BAJA,TOA BAJA,71548,JOSE NEVAREZ LOPEZ,225,193
BAYAMON,TOA BAJA,TOA BAJA,71563,ERNESTO JUAN FONFRIAS RIVERA,163,97
BAYAMON,TOA BAJA,TOA BAJA,71571,ERNESTINA BRACERO,386,347
BAYAMON,TOA BAJA,TOA BAJA,71589,ELEMENTAL ANTONIA SAEZ IRIZARRY,286,240
BAYAMON,TOA BAJA,TOA BAJA,71597,JOHN F. KENNEDY,344,262
BAYAMON,TOA BAJA,TOA BAJA,71605,MARIA LIBERTAD GOMEZ,376,287
BAYAMON,TOA BAJA,TOA BAJA,71613,LORENCITA RAMIREZ DE ARRELLANO,225,172
BAYAMON,TOA BAJA,TOA BAJA,71621,AMALIA LOPEZ DE VILA,269,232
BAYAMON,TOA BAJA,TOA BAJA,71639,DELIA DAVILA DE CABAN,298,209
BAYAMON,TOA BAJA,TOA BAJA,71647,DR. EFRAIN SANCHEZ HIDALGO,418,296
BAYAMON,TOA BAJA,TOA BAJA,71654,INTERMEDIA BASILIO MILAN HERNANDEZ,506,361
BAYAMON,TOA BAJA,TOA BAJA,71662,CARMEN BARROSO MORALES,271,228
BAYAMON,TOA BAJA,TOA BAJA,71670,PEDRO ALBIZU CAMPOS,723,428
BAYAMON,TOA BAJA,TOA BAJA,71704,FRANCISCA DAVILA SEMPRIT ELEMENTAL,197,173
BAYAMON,TOA BAJA,TOA BAJA,74039,MARIA TERESA PINEIRO,235,196
BAYAMON,TOA BAJA,TOA BAJA,74476,MARIA J. CORREDOR RIVERA,313,230
BAYAMON,TOA BAJA,TOA BAJA,77453,FRANCISCA DAVILA SEMPRIT INTERMEDIA,370,327
BAYAMON,TOA BAJA,TOA BAJA,78832,MARTIN GARCIA GIUSTI,460,349
CAGUAS,BARRANQUITAS,AIBONITO,20214,S. U. PASTO,256,209
CAGUAS,BARRANQUITAS,AIBONITO,20255,RAFAEL PONT FLORES,381,296
CAGUAS,BARRANQUITAS,AIBONITO,20263,FEDERICO DEGETAU I,353,270
CAGUAS,BARRANQUITAS,AIBONITO,20289,LLANOS ADENTRO (ESPECIALIZADA BILINGUE),172,72
CAGUAS,BARRANQUITAS,AIBONITO,20297,LLANOS CARRETERA (INTERMEDIA IDIOMAS),109,29
CAGUAS,BARRANQUITAS,AIBONITO,20305,ELEMENTAL RABANAL,358,246
CAGUAS,BARRANQUITAS,AIBONITO,20321,S. U. JOSE CELSO BARBOSA,615,425
CAGUAS,BARRANQUITAS,AIBONITO,20339,S. U. CARMEN ZENAIDA VEGA (LA PLATA) ,260,197
CAGUAS,BARRANQUITAS,AIBONITO,20354,SUCESION TORRES,179,155
CAGUAS,BARRANQUITAS,AIBONITO,20362,DR. JOSE N. GANDARA,518,335
CAGUAS,BARRANQUITAS,AIBONITO,22830,ROSARIO BELBER,17,14
CAGUAS,BARRANQUITAS,AIBONITO,27565,BONIFACIO SANCHEZ (GANDARA),330,181
CAGUAS,BARRANQUITAS,AIBONITO,28076,DRA.CARMEN DELIA COLON MARTINEZ,246,181
CAGUAS,BARRANQUITAS,BARRANQUITAS,20388,CANABON ABAJO,117,103
CAGUAS,BARRANQUITAS,BARRANQUITAS,20396,JOSE COLON GONZALEZ,427,297
CAGUAS,BARRANQUITAS,BARRANQUITAS,20404,PETROAMERICA PAGAN,273,221
CAGUAS,BARRANQUITAS,BARRANQUITAS,20412,EL FARALLON,181,147
CAGUAS,BARRANQUITAS,BARRANQUITAS,20420,JOSE BERRIOS BERDECIA (INT. URBANA),239,173
CAGUAS,BARRANQUITAS,BARRANQUITAS,20453,PABLO FUENTES RIVERA,159,129
CAGUAS,BARRANQUITAS,BARRANQUITAS,20461,STEPHEN S. HUSSE (LA VEGA),211,166
CAGUAS,BARRANQUITAS,BARRANQUITAS,20479,INOCENCIO CINTRON ZAYAS,124,93
CAGUAS,BARRANQUITAS,BARRANQUITAS,20511,SINFOROSO APONTE,192,161
CAGUAS,BARRANQUITAS,BARRANQUITAS,20529,S. U. HELECHAL,278,225
CAGUAS,BARRANQUITAS,BARRANQUITAS,20537,S. U. ANTONIO VAZQUEZ (S.U. LA LOMA),196,177
CAGUAS,BARRANQUITAS,BARRANQUITAS,20545,S. U. RAMON T. RIVERA (S.U. LAJITA),258,221
CAGUAS,BARRANQUITAS,BARRANQUITAS,20552,FEDERICO DEGETAU (S.U. PALO HINCADO),611,457
CAGUAS,BARRANQUITAS,BARRANQUITAS,20560,PABLO COLON BERDECIA  SUP. VOC.,679,544
CAGUAS,BARRANQUITAS,BARRANQUITAS,26021,LUIS MUNOZ MARIN,616,442
CAGUAS,BARRANQUITAS,BARRANQUITAS,28456,INTERMEDIA BO. QUEBRADILLAS,253,181
CAGUAS,BARRANQUITAS,COMERIO,21725,JUAN ZAMORA,211,165
CAGUAS,BARRANQUITAS,COMERIO,21733,HERMINIO SIERRA,84,72
CAGUAS,BARRANQUITAS,COMERIO,21758,JUANA COLON,460,383
CAGUAS,BARRANQUITAS,COMERIO,21782,MARIA C. HUERTAS(LA PRIETA),95,74
CAGUAS,BARRANQUITAS,COMERIO,21790,PABLO R ORTIZ ROLON,116,69
CAGUAS,BARRANQUITAS,COMERIO,21832,MANUEL CRUZ MACEIRA (ESPECIALIZADA BILINGUE),144,88
CAGUAS,BARRANQUITAS,COMERIO,21840,PINAS ARRIBA,119,92
CAGUAS,BARRANQUITAS,COMERIO,21865,S. U. RAMON ALEJANDRO AYALA,381,306
CAGUAS,BARRANQUITAS,COMERIO,21873,S. U. OSCAR PORRATA DORIA,202,162
CAGUAS,BARRANQUITAS,COMERIO,21881,S. U. MARIA C. SANTIAGO,208,171
CAGUAS,BARRANQUITAS,COMERIO,23655,INES M. MENDOZA DE MUNOZ MARIN,281,248
CAGUAS,BARRANQUITAS,COMERIO,26005,LUIS MUNOZ MARIN,291,231
CAGUAS,BARRANQUITAS,COMERIO,26815,CENTRO IMPEDIMENTOS SEVEROS,7,7
CAGUAS,BARRANQUITAS,COMERIO,28100,CLAUDIO FERRER COTTO,235,221
CAGUAS,BARRANQUITAS,COMERIO,28530,SUPERIOR VOCACIONAL NUEVA,209,162
CAGUAS,CIDRA,---,22772,ESPECIALIZADA BELLAS ARTES,40,21
CAGUAS,CIDRA,AGUAS BUENAS,20032,EZEQUIEL RAMOS LASANTA,146,122
CAGUAS,CIDRA,AGUAS BUENAS,20040,JOSE R. GONZALEZ,116,94
CAGUAS,CIDRA,AGUAS BUENAS,20065,ALGONSO LOPEZ O'NEILL,123,97
CAGUAS,CIDRA,AGUAS BUENAS,20073,LUIS SANTAELLA,160,129
CAGUAS,CIDRA,AGUAS BUENAS,20081,RAMON L. RIVERA (JUAN ASENCIO),120,79
CAGUAS,CIDRA,AGUAS BUENAS,20107,LUIS T BALINAS,306,236
CAGUAS,CIDRA,AGUAS BUENAS,20115,MULITAS ALVELO,110,71
CAGUAS,CIDRA,AGUAS BUENAS,20172,S. U.  BAYAMONCITO,356,251
CAGUAS,CIDRA,AGUAS BUENAS,20180,S. U. SUMIDERO (CARMEN D.ORTIZ ORTIZ),566,469
CAGUAS,CIDRA,AGUAS BUENAS,23564,DR. GUSTAVO MUNOZ DIAZ,208,176
CAGUAS,CIDRA,AGUAS BUENAS,23580,SANTA CLARA,164,126
CAGUAS,CIDRA,AGUAS BUENAS,25783,LUIS MUNOZ MARIN,232,187
CAGUAS,CIDRA,AGUAS BUENAS,27540,DR. PEDRO ALBIZU CAMPOS,374,278
CAGUAS,CIDRA,AGUAS BUENAS,28571,SUPERIOR URBANA DE AGUAS BUENAS,848,584
CAGUAS,CIDRA,CAYEY,21089,BENIGNO FERNANDEZ GARCIA,560,413
CAGUAS,CIDRA,CAYEY,21097,BENIGNO CARRION,349,264
CAGUAS,CIDRA,CAYEY,21105,BENJAMIN HARRISON,742,521
CAGUAS,CIDRA,CAYEY,21113,FELIX LUCAS BENET,145,126
CAGUAS,CIDRA,CAYEY,21188,EMERITA LEON ELEMENTAL,174,148
CAGUAS,CIDRA,CAYEY,21196,INTERMEDIA EMERITA LEON,126,97
CAGUAS,CIDRA,CAYEY,21212,S. U. GERARDO SELLES SOLA,281,214
CAGUAS,CIDRA,CAYEY,21279,LUIS MUNOZ RIVERA,320,270
CAGUAS,CIDRA,CAYEY,21287,JULIO VIZCARRONDO,98,82
CAGUAS,CIDRA,CAYEY,21303,JOSE G. PADILLA,116,91
CAGUAS,CIDRA,CAYEY,21337,AGUSTIN FERNANDEZ COLON,215,183
CAGUAS,CIDRA,CAYEY,21345,S. U. REXFORD GUY TUGWELL,126,112
CAGUAS,CIDRA,CAYEY,21352,S. U. EUGENIO MARIA DE HOSTOS,209,154
CAGUAS,CIDRA,CAYEY,21360,RAMON FRADE,253,153
CAGUAS,CIDRA,CAYEY,21386,CONSUELO LOPEZ BENET,132,111
CAGUAS,CIDRA,CAYEY,21394,SALVADOR BRAU (PRE-VOCACIONAL),127,98
CAGUAS,CIDRA,CAYEY,23218,ELEMENTAL MIGUEL MELENDEZ MUNOZ,330,162
CAGUAS,CIDRA,CAYEY,23531,SUPERIOR MIGUEL MELENDEZ MUNOZ,663,445
CAGUAS,CIDRA,CAYEY,23887,CENTRO DE ADIEST. VOC. GABRIEL BIBILONI,115,106
CAGUAS,CIDRA,CAYEY,25627,DR. RAMON E. BETANCES,463,331
CAGUAS,CIDRA,CAYEY,27383,VIRGINIA VAZQUEZ MENDOZA,286,198
CAGUAS,CIDRA,CAYEY,28084,SALVADOR BRAU ELEMENTAL,402,252
CAGUAS,CIDRA,CIDRA,21410,S. U. PEDRO DIAZ FONSECA,273,213
CAGUAS,CIDRA,CIDRA,21493,CLEMENCIA MELENDEZ,461,349
CAGUAS,CIDRA,CIDRA,21501,CIPRIAN CASTRODAD,82,49
CAGUAS,CIDRA,CIDRA,21535,CERTENEJAS I,141,100
CAGUAS,CIDRA,CIDRA,21543,S. U. CERTENEJAS II,391,242
CAGUAS,CIDRA,CIDRA,21550,JESUS T. PINERO,409,295
CAGUAS,CIDRA,CIDRA,21576,EDUCACION BILINGUE LUIS MUNOZ IGLESIAS,282,105
CAGUAS,CIDRA,CIDRA,21626,SANTA CLARA (INTERMEDIA),147,121
CAGUAS,CIDRA,CIDRA,21642,S. U. PEDRO M. DOMINICCI,401,274
CAGUAS,CIDRA,CIDRA,21659,S. U. JUAN D. STUBBE,381,294
CAGUAS,CIDRA,CIDRA,26013,ANA J. CANDELAS,600,429
CAGUAS,CIDRA,CIDRA,27557,SUPERIOR VOCACIONAL,690,458
CAGUAS,CIDRA,CIDRA,28365,NUEVA ELEMENTAL BO SANTA CLARA,419,283
CAGUAS,CIDRA,CIDRA,28548,ELEMENTAL URBANA K-6,466,337
CAGUAS,CIDRA,CIDRA,28555,NUEVA ELEMENTAL BO.CEIBA,231,183
CAGUAS,GUAYAMA,ARROYO,24653,ENRIQUE HUYKE (ESPECIALIZADA BILINGUE),269,194
CAGUAS,GUAYAMA,ARROYO,24661,JOSE M. MASSARI,221,184
CAGUAS,GUAYAMA,ARROYO,24679,INTERMEDIA JOSE DE CHOUDENS,339,251
CAGUAS,GUAYAMA,ARROYO,24695,CAYETANO SANCHEZ,141,124
CAGUAS,GUAYAMA,ARROYO,24737,BEATRIZ RODRIGUEZ,164,133
CAGUAS,GUAYAMA,ARROYO,24745,EDMUNDO DEL VALLE,91,83
CAGUAS,GUAYAMA,ARROYO,24752,INTERMEDIA JOSE HORACIO CORA,355,282
CAGUAS,GUAYAMA,ARROYO,26153,DOLORES GONZALEZ,190,127
CAGUAS,GUAYAMA,ARROYO,27714,ADALBERTO SANCHEZ (ELEM. BO. ANCONES),362,284
CAGUAS,GUAYAMA,ARROYO,36053,NATIVIDAD RODRIGUEZ,537,398
CAGUAS,GUAYAMA,GUAYAMA,24760,VICENTE PALES ANES,145,131
CAGUAS,GUAYAMA,GUAYAMA,24778,WASHINGTON II,305,270
CAGUAS,GUAYAMA,GUAYAMA,24786,GENARO CAUTINO (ESPECIALIZADA),362,207
CAGUAS,GUAYAMA,GUAYAMA,24802,LUIS A. RIVERA,287,234
CAGUAS,GUAYAMA,GUAYAMA,24810,RAFAEL LOPEZ LANDRON,454,360
CAGUAS,GUAYAMA,GUAYAMA,24851,CARLOS MARTINEZ BENITEZ,58,47
CAGUAS,GUAYAMA,GUAYAMA,24885,BARTOLO CAUSSADE GONZALEZ,136,112
CAGUAS,GUAYAMA,GUAYAMA,24901,AMALIA MARIN,157,138
CAGUAS,GUAYAMA,GUAYAMA,24927,RAFAEL ANTONIO DELGADO MATEO (OLIMPO - K-6),190,142
CAGUAS,GUAYAMA,GUAYAMA,24950,OSCAR HERNANDEZ GUEVARRA,295,211
CAGUAS,GUAYAMA,GUAYAMA,24968,MARCELA GARCIA CORA,122,102
CAGUAS,GUAYAMA,GUAYAMA,24976,LUIS PALES MATOS,149,146
CAGUAS,GUAYAMA,GUAYAMA,24992,JOSE MUNOZ VAZQUEZ,273,255
CAGUAS,GUAYAMA,GUAYAMA,25007,S. U. JUAN ALEMANY SILVA,262,221
CAGUAS,GUAYAMA,GUAYAMA,25312,SIMON MADERA (ESPECIALIZADA BILINGUE),327,176
CAGUAS,GUAYAMA,GUAYAMA,26336,ADELA BRENES TEXIDOR,537,441
CAGUAS,GUAYAMA,GUAYAMA,26500,WASHINGTON I,304,204
CAGUAS,GUAYAMA,GUAYAMA,27318,FRANCISCO GARCIA BOYRIE,399,316
CAGUAS,GUAYAMA,GUAYAMA,28563,DRA. MARIA SOCORRO LACOT,866,625
CAGUAS,GUAYAMA,SALINAS,27979,ANA HERNANDEZ USERA (COQUI - ELEMENTAL),216,176
CAGUAS,GUAYAMA,SALINAS,28373,SUPERIOR URBANA,352,277
CAGUAS,GUAYAMA,SALINAS,52753,GUILLERMO GODREAU MANATOU,155,113
CAGUAS,GUAYAMA,SALINAS,52761,LAS MAREAS,50,42
CAGUAS,GUAYAMA,SALINAS,52779,LUIS MUNOZ RIVERA (ANEXO ESTELLA),154,125
CAGUAS,GUAYAMA,SALINAS,52795,PARCELAS COCO,299,247
CAGUAS,GUAYAMA,SALINAS,52803,PARCELAS VAZQUEZ,200,170
CAGUAS,GUAYAMA,SALINAS,52811,LAS OCHENTAS,74,54
CAGUAS,GUAYAMA,SALINAS,52829,FRANCISCO M. QUINONES,126,108
CAGUAS,GUAYAMA,SALINAS,52837,GUILERMO GONZALEZ  (PLAYITA),129,96
CAGUAS,GUAYAMA,SALINAS,52852,VICTORIA SANTIAGO COLON(QUEBRADA,147,129
CAGUAS,GUAYAMA,SALINAS,52860,ROMAN BALDORIOTY DE CASTRO,155,119
CAGUAS,GUAYAMA,SALINAS,52886,COQUI INTERMEDIA,165,141
CAGUAS,GUAYAMA,SALINAS,52894,JOSE PADIN,190,141
CAGUAS,GUAYAMA,SALINAS,52902,PEDRO SOTO RIVERA,147,119
CAGUAS,GUAYAMA,SALINAS,52928,WOODROW WILSON,166,114
CAGUAS,GUAYAMA,SALINAS,56820,STELLA MARQUEZ,437,344
CAGUAS,GUAYAMA,SALINAS,57281,EUGENIO GUERRA CRUZ (ESPECIALIZADA DEPORTES),297,144
CAGUAS,GUAYAMA,SALINAS,57835,INTERMEDIA URBANA SALINAS,325,261
CAGUAS,GUAYAMA,SALINAS,58123,SABANA LLANA INTERMEDIA,348,281
CAGUAS,GURABO,CAGUAS I,20578,ABELARDO DIAZ MORALES,529,287
CAGUAS,GURABO,CAGUAS I,20594,NICOLAS AGUAYO ALDEA,359,306
CAGUAS,GURABO,CAGUAS I,20602,AMALIA H. MANGUAL,106,88
CAGUAS,GURABO,CAGUAS I,20610,ANDRES GONZALEZ,125,112
CAGUAS,GURABO,CAGUAS I,20651,MARIA MONTANEZ GOMEZ,145,119
CAGUAS,GURABO,CAGUAS I,20669,PEDRO MILLAN RIVERA,399,238
CAGUAS,GURABO,CAGUAS I,20685,BENITA GONZALEZ,207,161
CAGUAS,GURABO,CAGUAS I,20735,DIEGO VAZQUEZ,178,147
CAGUAS,GURABO,CAGUAS I,20784,JESUS T. PINERO,191,175
CAGUAS,GURABO,CAGUAS I,20933,MIGUEL F. CHIQUES,204,169
CAGUAS,GURABO,CAGUAS I,20982,REPUBLICA DE COSTA RICA,661,464
CAGUAS,GURABO,CAGUAS I,21006,FRANCISCO VALDES,207,183
CAGUAS,GURABO,CAGUAS I,21055,MANUELA TORO MORICE,800,595
CAGUAS,GURABO,CAGUAS I,21063,PEPITA GARRIGA,286,218
CAGUAS,GURABO,CAGUAS I,23150,JARDINES DE CAGUAS,32,25
CAGUAS,GURABO,CAGUAS I,23499,NEREIDA ALICEA CRUZ,181,166
CAGUAS,GURABO,CAGUAS I,23523,RAFAEL QUINONES VIDAL,491,305
CAGUAS,GURABO,CAGUAS I,23606,LUIS CARTAGENA NIEVES,276,217
CAGUAS,GURABO,CAGUAS I,25601,ELOIZA PASCUAL,563,317
CAGUAS,GURABO,CAGUAS I,25619,FELIPE RIVERA CENTENO,429,308
CAGUAS,GURABO,CAGUAS I,25932,PEPITA ARENAS,318,222
CAGUAS,GURABO,CAGUAS I,26492,ANTONIO DOMINGUEZ NIEVES,246,224
CAGUAS,GURABO,CAGUAS II,20644,CORNELLO AYALA (ATRAVESADA),107,92
CAGUAS,GURABO,CAGUAS II,20701,BUNKER,252,178
CAGUAS,GURABO,CAGUAS II,20719,JOSE MERCADO (ESPECIALIZADA BILINGUE),218,117
CAGUAS,GURABO,CAGUAS II,20727,CIPRIANO MANRIQUE,216,183
CAGUAS,GURABO,CAGUAS II,20776,ANTONIO S. PEDREIRA,305,257
CAGUAS,GURABO,CAGUAS II,20792,JOSE DE DIEGO,147,131
CAGUAS,GURABO,CAGUAS II,20800,JOSE GAUTIER BENITEZ,356,282
CAGUAS,GURABO,CAGUAS II,20818,DR. JUAN JOSE OSUNA,424,328
CAGUAS,GURABO,CAGUAS II,20826,JUAN NAVARRO,199,156
CAGUAS,GURABO,CAGUAS II,20834,LUIS MUNOZ RIVERA,239,187
CAGUAS,GURABO,CAGUAS II,20891,LUIS MUNOZ GRILLO,155,119
CAGUAS,GURABO,CAGUAS II,20909,LUIS RAMOS GONZALEZ,343,288
CAGUAS,GURABO,CAGUAS II,20941,PAULA MOJICA,225,182
CAGUAS,GURABO,CAGUAS II,20974,RAMON BRUGUERAS,178,128
CAGUAS,GURABO,CAGUAS II,20990,ROSA C. BENITEZ,397,321
CAGUAS,GURABO,CAGUAS II,21014,S. U. MERCEDES PALMA,247,190
CAGUAS,GURABO,CAGUAS II,21022,S. U. SANDALIO MARCANO,251,213
CAGUAS,GURABO,CAGUAS II,21030,SALVADOR RODRIGUEZ,135,101
CAGUAS,GURABO,CAGUAS II,21071,JOHN F. KENNEDY,215,180
CAGUAS,GURABO,CAGUAS II,23119,HAYDEE CABALLERO,336,288
CAGUAS,GURABO,CAGUAS II,23135,MYRNA M. FUENTES,283,228
CAGUAS,GURABO,CAGUAS II,23143,CONCEPCION MENDEZ CANO,350,290
CAGUAS,GURABO,CAGUAS II,23259,CHARLES E. MINER,185,149
CAGUAS,GURABO,CAGUAS II,23507,LUIS MUNOZ MARIN,167,157
CAGUAS,GURABO,CAGUAS II,23515,JUSTINA VAZQUEZ MENDOZA,202,163
CAGUAS,GURABO,CAGUAS II,23598,GERARDO SELLES SOLA (ESPECIALIZADA),320,235
CAGUAS,GURABO,CAGUAS II,27078,INES MARIA MENDOZA,349,257
CAGUAS,GURABO,GURABO,21915,MAXIMINA MENDEZ (CAMPAMENTO),173,145
CAGUAS,GURABO,GURABO,21923,CELADA CARRETERA,206,173
CAGUAS,GURABO,GURABO,21949,HATO NUEVO,279,178
CAGUAS,GURABO,GURABO,21964,DANIEL DIAZ SANTANA (JAGUAS),106,85
CAGUAS,GURABO,GURABO,22012,MATIA G.GARCIA  C.PRE.VOC.,595,452
CAGUAS,GURABO,GURABO,22020,S. U. VIDAL SERRANO,318,246
CAGUAS,GURABO,GURABO,22046,S. U. SANTA RITA,107,83
CAGUAS,GURABO,GURABO,22053,MARGARITA RIVERA DE JANER,421,344
CAGUAS,GURABO,GURABO,24612,VILLA MARINA,322,225
CAGUAS,GURABO,GURABO,26765,S. U. JOSEFINA SITIRICHE,369,306
CAGUAS,GURABO,GURABO,26773,DRA. CONCHITA CUEVAS,657,470
HUMACAO,CANOVANAS,CANOVANAS,31054,ANTONIO R. BARCELO,474,379
HUMACAO,CANOVANAS,CANOVANAS,31070,JOSE CALZADA FERRER,223,198
HUMACAO,CANOVANAS,CANOVANAS,31112,PEDRO GUTIERREZ,186,157
HUMACAO,CANOVANAS,CANOVANAS,31138,EUGENIO MARIA DE HOSTOS,257,227
HUMACAO,CANOVANAS,CANOVANAS,31146,JULIA DE BURGOS,259,228
HUMACAO,CANOVANAS,CANOVANAS,31187,LAS PARCELAS DE CAMPO RICO,144,108
HUMACAO,CANOVANAS,CANOVANAS,31211,MANUEL AGOSTO LEBRON,194,156
HUMACAO,CANOVANAS,CANOVANAS,31260,DOMINGO NIEVES ORTIZ,239,169
HUMACAO,CANOVANAS,CANOVANAS,31286,PEDRO ALBIZU CAMPOS,423,392
HUMACAO,CANOVANAS,CANOVANAS,33340,LUIS HERNAIZ VERONNE,543,414
HUMACAO,CANOVANAS,CANOVANAS,33563,JUANA RODRIQUEZ MUNDO,245,185
HUMACAO,CANOVANAS,CANOVANAS,33886,LUIS MUNOZ MARIN,267,215
HUMACAO,CANOVANAS,CANOVANAS,34207,JOSE SANTOS QUINONEZ,405,372
HUMACAO,CANOVANAS,CANOVANAS,34926,EDUARDO GARCIA CARRILLO,248,190
HUMACAO,CANOVANAS,CANOVANAS,35048,GEORGINA BAQUERO,416,325
HUMACAO,CANOVANAS,CANOVANAS,35923,"FRANCISCO ""PACO"" DAVILA",248,168
HUMACAO,CANOVANAS,LOIZA,31120,BELEN BLANCO DE ZEQUEIRA,279,226
HUMACAO,CANOVANAS,LOIZA,31179,PARCELAS SUAREZ,171,155
HUMACAO,CANOVANAS,LOIZA,31195,CARLOS ESCOBAR LOPEZ,208,178
HUMACAO,CANOVANAS,LOIZA,31245,MEDIANIA ALTA ELEMENTAL,591,522
HUMACAO,CANOVANAS,LOIZA,31252,JOBOS,207,170
HUMACAO,CANOVANAS,LOIZA,31278,EMILIANO FIGUEROA TORRES,104,101
HUMACAO,CANOVANAS,LOIZA,33118,PARCELAS VIEQUES,125,101
HUMACAO,CANOVANAS,LOIZA,34272,GUILLERMINA ROSADO DE AYALA,488,392
HUMACAO,CANOVANAS,LOIZA,34793,CELSO GONZALEZ VAILLANT,427,377
HUMACAO,CANOVANAS,LOIZA,36046,INTERMEDIA NUEVA BO. MEDIANIA,471,407
HUMACAO,CANOVANAS,LOIZA,36335,NUEVA SUPERIOR LOIZA,447,353
HUMACAO,CANOVANAS,LUQUILLO,31302,RAFAEL N. COCA,296,259
HUMACAO,CANOVANAS,LUQUILLO,31310,PABLO SUAREZ ORTIZ,140,122
HUMACAO,CANOVANAS,LUQUILLO,31336,CAROLINA G. DE VEVE,84,75
HUMACAO,CANOVANAS,LUQUILLO,31344,MATA DE PLATANO,114,84
HUMACAO,CANOVANAS,LUQUILLO,31351,PITAHAYA,121,106
HUMACAO,CANOVANAS,LUQUILLO,31369,ROSENDO MATIENZO CINTRON,136,128
HUMACAO,CANOVANAS,LUQUILLO,31393,S. U ALEJANDRINA RIOS  (S.U. SABANA),395,323
HUMACAO,CANOVANAS,LUQUILLO,33936,CAMILO VALLES MATIENZO,433,303
HUMACAO,CANOVANAS,LUQUILLO,35618,SUPERIOR  ISIDRO A. SANCHEZ,621,429
HUMACAO,CANOVANAS,RIO GRANDE,32060,VICENTE ESCOBAR,133,118
HUMACAO,CANOVANAS,RIO GRANDE,32078,CAROLA,140,121
HUMACAO,CANOVANAS,RIO GRANDE,32128,ROSA BERNARD,307,256
HUMACAO,CANOVANAS,RIO GRANDE,32201,JULIO MILLAN CEPEDA,163,127
HUMACAO,CANOVANAS,RIO GRANDE,32227,INTERMEDIA URBANA(MAN. PIMENTAL),532,402
HUMACAO,CANOVANAS,RIO GRANDE,32243,RAFAEL DE JESUS,261,223
HUMACAO,CANOVANAS,RIO GRANDE,32250,INTERMEDIA CASIANO CEPEDA,309,273
HUMACAO,CANOVANAS,RIO GRANDE,32268,RAFAEL REXACH DUENO,354,225
HUMACAO,CANOVANAS,RIO GRANDE,33233,PEDRO FALU ORELLANO,713,499
HUMACAO,CANOVANAS,RIO GRANDE,33332,LA PONDEROSA,149,121
HUMACAO,CANOVANAS,RIO GRANDE,33647,ANTERA ROSADO FUENTES,577,390
HUMACAO,CANOVANAS,RIO GRANDE,34249,LOLA MILLAN,214,185
HUMACAO,CANOVANAS,RIO GRANDE,34256,SUPERIOR CASIANO CEPEDA,282,236
HUMACAO,CANOVANAS,RIO GRANDE,34314,EDMUNDO DEL VALLE,377,304
HUMACAO,CANOVANAS,RIO GRANDE,35535,ELEMENTAL  RIO GRANDE ESTATES,467,386
HUMACAO,CANOVANAS,RIO GRANDE,35543,PRE VOCACIONAL CASIANO CEPEDA,65,57
HUMACAO,CANOVANAS,RIO GRANDE,35964,NUEVA INTERMEDIA BO. PALMER,469,328
HUMACAO,FAJARDO,CEIBA,30031,PARCELAS AGUAS CLARAS,219,178
HUMACAO,FAJARDO,CEIBA,30056,RIO ABAJO,95,65
HUMACAO,FAJARDO,CEIBA,30098,SANTIAGO IGLESIAS PANTIN,282,208
HUMACAO,FAJARDO,CEIBA,34462,INTERMEDIA  NUEVA,403,325
HUMACAO,FAJARDO,CEIBA,35907,ELEMENTAL URBANA NUEVA,472,379
HUMACAO,FAJARDO,CULEBRA,37507,ECOLoGICA DE CULEBRAS,203,82
HUMACAO,FAJARDO,FAJARDO,30148,ANTONIO VALERO BERNABE,630,501
HUMACAO,FAJARDO,FAJARDO,30163,ELEMENTAL  DR SANTIAGO VEVE CALZADA,129,115
HUMACAO,FAJARDO,FAJARDO,30189,INES ENCARNACION,211,178
HUMACAO,FAJARDO,FAJARDO,30197,GABINO SOTO,187,145
HUMACAO,FAJARDO,FAJARDO,30213,DR. JOSE RAMOS LEBRON,117,81
HUMACAO,FAJARDO,FAJARDO,30221,MARIA I. DONES,137,110
HUMACAO,FAJARDO,FAJARDO,30239,RAMON QUINONEZ PACHECO,258,205
HUMACAO,FAJARDO,FAJARDO,30247,SUPERIOR DR. SANTIAGO VEVE CALZADA,523,366
HUMACAO,FAJARDO,FAJARDO,30254,PEDRO ROSARIO NIEVES,210,191
HUMACAO,FAJARDO,FAJARDO,33274,BERTA ZALDUONDO,577,418
HUMACAO,FAJARDO,FAJARDO,34348,JOSEFINA FERRERO,461,320
HUMACAO,FAJARDO,FAJARDO,34769,ROSA PASCUAL PARIS,267,168
HUMACAO,FAJARDO,FAJARDO,35766,SUPERIOR VOC. ANA DELIA FLORES,865,556
HUMACAO,FAJARDO,NAGUABO,31583,LUTGARDA RIVERA (FLORIDA),100,79
HUMACAO,FAJARDO,NAGUABO,31591,DESIDERIO MENDEZ RODRIGUEZ (MAIZALES),149,119
HUMACAO,FAJARDO,NAGUABO,31609,QUEBRADA GRANDE,226,151
HUMACAO,FAJARDO,NAGUABO,31617,EUGENIO BRAC,423,364
HUMACAO,FAJARDO,NAGUABO,31682,LYDIA LOPEZ (PENA POBRE PARCELAS),115,92
HUMACAO,FAJARDO,NAGUABO,31740,ANTONIO RIOS  (S. U. RIO BLANCO),281,223
HUMACAO,FAJARDO,NAGUABO,31765,JOSE R. AGOSTO,219,175
HUMACAO,FAJARDO,NAGUABO,33225,FIDELINA MELENDEZ,285,250
HUMACAO,FAJARDO,NAGUABO,35014,S. U. SILVERIO GARCIA,428,275
HUMACAO,FAJARDO,NAGUABO,35881,JUAN JOSE MAUNEZ,373,280
HUMACAO,FAJARDO,NAGUABO,36350,FERMIN DELGADO DIAZ  (S.U. BO. PENA POBRE),330,278
HUMACAO,FAJARDO,VIEQUES,32300,JUANITA RIVERA ALBERT,21,20
HUMACAO,FAJARDO,VIEQUES,32318,FRANKLIN D. ROOSEVELT,66,44
HUMACAO,FAJARDO,VIEQUES,32359,MONTE SANTO,84,34
HUMACAO,FAJARDO,VIEQUES,32367,PLAYA GRANDE,180,163
HUMACAO,FAJARDO,VIEQUES,33043,GERMAN RIECKEHOFF,239,158
HUMACAO,FAJARDO,VIEQUES,35295,INTERMEDIA  20 DE SEPTIEMBRE DE 1988,300,229
HUMACAO,FAJARDO,VIEQUES,35840,MARIA M. SIMMONS,307,240
HUMACAO,LAS PIEDRAS,HUMACAO,30270,ANA ROQUE DE DUPREY,467,316
HUMACAO,LAS PIEDRAS,HUMACAO,30288,ANTONIA SAEZ,252,223
HUMACAO,LAS PIEDRAS,HUMACAO,30304,CANDIDO BERRIOS,314,231
HUMACAO,LAS PIEDRAS,HUMACAO,30320,ANTONIO A. ROIG,100,83
HUMACAO,LAS PIEDRAS,HUMACAO,30338,PEPITA LOPEZ,143,111
HUMACAO,LAS PIEDRAS,HUMACAO,30346,DR. VICTOR RINCON,185,155
HUMACAO,LAS PIEDRAS,HUMACAO,30429,BRAULIO AYALA  (MAMBICHE BLANCO),154,125
HUMACAO,LAS PIEDRAS,HUMACAO,30460,JUAN DE DIOS LOPEZ INTERMEDIA,125,86
HUMACAO,LAS PIEDRAS,HUMACAO,30502,CARMEN PILAR SANTOS,208,178
HUMACAO,LAS PIEDRAS,HUMACAO,30551,S. U. LUCIANO RIOS,261,197
HUMACAO,LAS PIEDRAS,HUMACAO,30569,S. U. CRUZ ORTIZ STELLA,242,180
HUMACAO,LAS PIEDRAS,HUMACAO,30577,S. U. JOSE TORO RIOS,208,168
HUMACAO,LAS PIEDRAS,HUMACAO,30585,FRANCISCO ISERN GIMENEZ,194,166
HUMACAO,LAS PIEDRAS,HUMACAO,30601,ADRIAN MEDINA,154,99
HUMACAO,LAS PIEDRAS,HUMACAO,33308,RUFINO VIGO,291,259
HUMACAO,LAS PIEDRAS,HUMACAO,33316,S. U. ROSA M ROSARIO DE LEON,133,121
HUMACAO,LAS PIEDRAS,HUMACAO,33662,CARLOS RIVERA UFRET,487,406
HUMACAO,LAS PIEDRAS,HUMACAO,33704,JUAN PONCE DE LEON ,387,170
HUMACAO,LAS PIEDRAS,HUMACAO,34199,S. U. AGAPITO LOPEZ FLORES,448,293
HUMACAO,LAS PIEDRAS,HUMACAO,34884,PETRA MERCADO,539,326
HUMACAO,LAS PIEDRAS,HUMACAO,35071,LUZ A CRUZ DE SANTANA,353,208
HUMACAO,LAS PIEDRAS,HUMACAO,35360,LIDIA FIOL SCARANO,290,176
HUMACAO,LAS PIEDRAS,HUMACAO,35501,SUPERIOR VOC. DE AREA  MANUEL MEDIAVILLA,629,421
HUMACAO,LAS PIEDRAS,HUMACAO,35626,AVELINO PENA REYES,37,30
HUMACAO,LAS PIEDRAS,HUMACAO,35774,ANTONIO ROSA GUZMAN (BO. MARIANA),189,107
HUMACAO,LAS PIEDRAS,HUMACAO,36012,BELLAS ARTES DE HUMACAO (ESPECIALIZADA),363,96
HUMACAO,LAS PIEDRAS,JUNCOS,30619,AGUSTIN DUENO,124,102
HUMACAO,LAS PIEDRAS,JUNCOS,30643,PEDRO BOSH SALGAS,277,182
HUMACAO,LAS PIEDRAS,JUNCOS,30650,LAURA NAVARRO,137,116
HUMACAO,LAS PIEDRAS,JUNCOS,30684,FULGENCIO PINERO RODRIGUEZ I,287,268
HUMACAO,LAS PIEDRAS,JUNCOS,30734,JUANA SANCHEZ,199,173
HUMACAO,LAS PIEDRAS,JUNCOS,30742,S. U. CLARA M. ARAMBURU,530,411
HUMACAO,LAS PIEDRAS,JUNCOS,30759,S. U. PEDRO RIVERA MOLINA,721,515
HUMACAO,LAS PIEDRAS,JUNCOS,30791,CARMEN ARZUAGA DE RIVERA,320,261
HUMACAO,LAS PIEDRAS,JUNCOS,32979,ALFONSO DIAZ LEBRON,359,237
HUMACAO,LAS PIEDRAS,JUNCOS,34363,ISABEL FLORES,373,302
HUMACAO,LAS PIEDRAS,JUNCOS,34777,JOSE A. LOPEZ CASTRO,388,318
HUMACAO,LAS PIEDRAS,JUNCOS,34785,JOSE COLLAZO COLON,564,360
HUMACAO,LAS PIEDRAS,JUNCOS,34918,CAMILO VALLES MATIENZO,212,198
HUMACAO,LAS PIEDRAS,JUNCOS,36327,ROBERTO SILVA MORALES,363,236
HUMACAO,LAS PIEDRAS,LAS PIEDRAS,30478,MANUEL SURILLO,261,160
HUMACAO,LAS PIEDRAS,LAS PIEDRAS,30825,FRANCISCO TORRES,219,160
HUMACAO,LAS PIEDRAS,LAS PIEDRAS,30841,CARMEN BENITEZ,400,317
HUMACAO,LAS PIEDRAS,LAS PIEDRAS,30874,JOSE DE DIEGO,196,153
HUMACAO,LAS PIEDRAS,LAS PIEDRAS,30916,LA FERMINA,341,265
HUMACAO,LAS PIEDRAS,LAS PIEDRAS,30924,LUIS MUNOZ RIVERA,217,115
HUMACAO,LAS PIEDRAS,LAS PIEDRAS,30932,MATIAS RIVERA,325,253
HUMACAO,LAS PIEDRAS,LAS PIEDRAS,30973,RAMON POWER Y GIRALT,671,451
HUMACAO,LAS PIEDRAS,LAS PIEDRAS,31013,BENITO MEDINA,168,126
HUMACAO,LAS PIEDRAS,LAS PIEDRAS,34355,SANTIAGO TORRES,432,345
HUMACAO,LAS PIEDRAS,LAS PIEDRAS,35493,LEONCIO MELENDEZ,563,416
HUMACAO,LAS PIEDRAS,LAS PIEDRAS,35592,FLORENCIA GARCIA,450,285
HUMACAO,LAS PIEDRAS,LAS PIEDRAS,35790,ELEMENTAL JOSE D. ZAYAS,123,106
HUMACAO,YABUCOA,MAUNABO,31419,MATUYAS BAJOS,110,70
HUMACAO,YABUCOA,MAUNABO,31427,S. U. HIGINIO FIGUEROA VILLEGAS,422,306
HUMACAO,YABUCOA,MAUNABO,31435,CALZADA,168,128
HUMACAO,YABUCOA,MAUNABO,31534,S. U. MANUEL ORTIZ SUYA,145,133
HUMACAO,YABUCOA,MAUNABO,31542,SUPERIOR ALFONSO CASTA MARTINEZ,253,192
HUMACAO,YABUCOA,MAUNABO,35089,ELEMENTAL  URBANA,195,165
HUMACAO,YABUCOA,MAUNABO,35899,WILFREDO LAFUENTE ORTIZ,234,179
HUMACAO,YABUCOA,PATILLAS,25031,JOSEFINA MUNOZ DE BERNIER,391,278
HUMACAO,YABUCOA,PATILLAS,25049,CECILIO LEBRON RAMOS,358,303
HUMACAO,YABUCOA,PATILLAS,25098,CIRILO SANTIAGO PLAUD,134,110
HUMACAO,YABUCOA,PATILLAS,25148,MARIN ABAJO,105,82
HUMACAO,YABUCOA,PATILLAS,25155,ANDREA LEBRON RAMOS (ESPECIALIZADA BILINGUE),162,91
HUMACAO,YABUCOA,PATILLAS,25189,TOMAS VERA AYALA,74,66
HUMACAO,YABUCOA,PATILLAS,25197,GUILLERMO RIEFKHOL,128,106
HUMACAO,YABUCOA,PATILLAS,25205,MARIA MILAGROS ORTIZ (ESPECIALIZADA BILINGUE),140,70
HUMACAO,YABUCOA,PATILLAS,25221,QUEBRADA ARRIBA 2,87,68
HUMACAO,YABUCOA,PATILLAS,25239,S. U. JOAQUIN PARRILLAS,280,229
HUMACAO,YABUCOA,PATILLAS,25247,S. U. MANUEL MENDIA MORET,186,145
HUMACAO,YABUCOA,PATILLAS,35816,RAFAELINA E. LEBRON FLORES,496,352
HUMACAO,YABUCOA,SAN LORENZO,22301,EUGENIO MARIA DE HOSTOS,145,120
HUMACAO,YABUCOA,SAN LORENZO,22319,EL PARQUE,191,99
HUMACAO,YABUCOA,SAN LORENZO,22327,LUIS MUNOZ RIVERA,438,295
HUMACAO,YABUCOA,SAN LORENZO,22343,ESPINO KM. 12,171,136
HUMACAO,YABUCOA,SAN LORENZO,22434,GERARDO SELLES SOLA,205,139
HUMACAO,YABUCOA,SAN LORENZO,22459,S. U. JAGUAL ADENTRO,310,261
HUMACAO,YABUCOA,SAN LORENZO,22467,JAGUAL KM. 7,107,83
HUMACAO,YABUCOA,SAN LORENZO,22491,CARMELO FIGUEROA,104,87
HUMACAO,YABUCOA,SAN LORENZO,22533,QUEMADOS,139,121
HUMACAO,YABUCOA,SAN LORENZO,22566,S. U. CARLOS ZAYAS,392,297
HUMACAO,YABUCOA,SAN LORENZO,22574,S. U. QUEBRADA HONDA,216,149
HUMACAO,YABUCOA,SAN LORENZO,22582,JOSE CAMPECHE,524,387
HUMACAO,YABUCOA,SAN LORENZO,23309,GENEROSO MORALES MUNOZ,498,372
HUMACAO,YABUCOA,SAN LORENZO,23317,JULIA VAZQUEZ TORRES (HATO PARCELAS),101,83
HUMACAO,YABUCOA,SAN LORENZO,25882,MARIA CRUZ BUITRAGO,194,167
HUMACAO,YABUCOA,SAN LORENZO,27607,DRA MARIA T DELGADO DE MARCANO,618,392
HUMACAO,YABUCOA,SAN LORENZO,28522,ANTONIO FERNOS ISERN,578,301
HUMACAO,YABUCOA,SAN LORENZO,35972,JORGE ROSARIO DEL VALLE,214,148
HUMACAO,YABUCOA,YABUCOA,32433,S. U. ASUNCION LUGO,259,205
HUMACAO,YABUCOA,YABUCOA,32441,FRANCISCO SUSTACHE,84,66
HUMACAO,YABUCOA,YABUCOA,32458,S. U. ROGELIO ROSADO (S.U. PLAYITA),299,222
HUMACAO,YABUCOA,YABUCOA,32466,ROSA SANCHEZ VARGAS,111,92
HUMACAO,YABUCOA,YABUCOA,32482,DOROTEO PENA MORA,90,75
HUMACAO,YABUCOA,YABUCOA,32524,MARTA SANCHEZ (GUAYABO),120,95
HUMACAO,YABUCOA,YABUCOA,32532,ROSA COSTA VALDIVESO,298,242
HUMACAO,YABUCOA,YABUCOA,32540,S. U. MANUEL ORTIZ,220,171
HUMACAO,YABUCOA,YABUCOA,32573,JOSE F. CINTRON Y ANEXO,141,116
HUMACAO,YABUCOA,YABUCOA,32615,FEDERICO MATHEW BAEZ (TRINIDAD),79,73
HUMACAO,YABUCOA,YABUCOA,32672,CATALINA MORALES,55,39
HUMACAO,YABUCOA,YABUCOA,32680,S. U. ANDRES SANDIN MARTINEZ,516,404
HUMACAO,YABUCOA,YABUCOA,32698,S. U. ANDRES SOTO QUINONES,324,238
HUMACAO,YABUCOA,YABUCOA,32706,S. U. MARCOS SANCHEZ,179,146
HUMACAO,YABUCOA,YABUCOA,32714,CRISTOBAL DEL CAMPO,260,196
HUMACAO,YABUCOA,YABUCOA,32748,S. U. JESUS SANABRIA CRUZ,310,220
HUMACAO,YABUCOA,YABUCOA,32755,TEODORO AGUILAR MORA,409,321
HUMACAO,YABUCOA,YABUCOA,32763,JAIME C. RODRIGUEZ,126,111
HUMACAO,YABUCOA,YABUCOA,32771,JUAN B. B HUYKE,329,231
HUMACAO,YABUCOA,YABUCOA,34264, LUIS MUNOZ MARIN,240,186
HUMACAO,YABUCOA,YABUCOA,35782,RAMON QUINONES MEDINA,479,329
MAYAGUEZ,AGUADILLA,AGUADA,40014,ARSENIO MARTINEZ,376,259
MAYAGUEZ,AGUADILLA,AGUADA,40022,SUPERIOR DR. CARLOS GONZALEZ,719,464
MAYAGUEZ,AGUADILLA,AGUADA,40030,S. U. JUAN B. SOTO,175,150
MAYAGUEZ,AGUADILLA,AGUADA,40055,GREGORIO RODRIGUEZ ORAMA,169,142
MAYAGUEZ,AGUADILLA,AGUADA,40063,MANUEL MORALES FELICIANO (ESPECIALIZADA BILINGUE),341,263
MAYAGUEZ,AGUADILLA,AGUADA,40071,R.P. PABLO GUTIERREZ FLORES,146,91
MAYAGUEZ,AGUADILLA,AGUADA,40105,EUGENIO GONZALEZ GONZALEZ,119,91
MAYAGUEZ,AGUADILLA,AGUADA,40113,ANTONIO SANCHEZ RUIZ,91,66
MAYAGUEZ,AGUADILLA,AGUADA,40121,JOSE GONZALES RUIZ,147,116
MAYAGUEZ,AGUADILLA,AGUADA,40139,ANSELMO VILLARUBIA,308,203
MAYAGUEZ,AGUADILLA,AGUADA,40147,AQUILINO CABAN,326,272
MAYAGUEZ,AGUADILLA,AGUADA,40170,MARIA L. JIMENEZ LOPEZ (ESPECIALIZADA BILINGUE),192,148
MAYAGUEZ,AGUADILLA,AGUADA,40204,JUAN L. SANTIAGO,288,230
MAYAGUEZ,AGUADILLA,AGUADA,40212,S. U. MARTIN HERNANDEZ,189,162
MAYAGUEZ,AGUADILLA,AGUADA,40220,S.U EPIFANIO ESTRADA,539,354
MAYAGUEZ,AGUADILLA,AGUADA,45310,CENTRO VOC. ESPECIAL,95,85
MAYAGUEZ,AGUADILLA,AGUADA,45419,ZOILO CAJIGAS SOTOMAYOR,162,121
MAYAGUEZ,AGUADILLA,AGUADA,46086,ELADIO TIRADO LOPEZ,554,421
MAYAGUEZ,AGUADILLA,AGUADA,46813,LYDIA MELENDEZ,198,178
MAYAGUEZ,AGUADILLA,AGUADA,47951,INTERMEDIA NUEVA,656,454
MAYAGUEZ,AGUADILLA,AGUADILLA,40253,DR. AGUSTIN STAHL,159,148
MAYAGUEZ,AGUADILLA,AGUADILLA,40279,ELEMENTAL  CABAN,189,175
MAYAGUEZ,AGUADILLA,AGUADILLA,40287,ELEMENTAL  JOSE DE DIEGO,153,149
MAYAGUEZ,AGUADILLA,AGUADILLA,40295,HOMERO RIVERA SOLA,242,176
MAYAGUEZ,AGUADILLA,AGUADILLA,40329,RAFAEL CORDERO,137,110
MAYAGUEZ,AGUADILLA,AGUADILLA,40337,CARMEN GOMEZ TEJERA,124,116
MAYAGUEZ,AGUADILLA,AGUADILLA,40345,ELADIO J. VEGA,187,177
MAYAGUEZ,AGUADILLA,AGUADILLA,40352,RAMON RODRIGUEZ,160,129
MAYAGUEZ,AGUADILLA,AGUADILLA,40360,DR. RAFAEL DEL VALLE,82,75
MAYAGUEZ,AGUADILLA,AGUADILLA,40378,INTERMEDIA JOSE DE DIEGO,180,169
MAYAGUEZ,AGUADILLA,AGUADILLA,40394,LUCIA CUBERO,158,122
MAYAGUEZ,AGUADILLA,AGUADILLA,40402,MANUEL CORCHADO,34,29
MAYAGUEZ,AGUADILLA,AGUADILLA,40436,RAFAEL FABIAN,229,197
MAYAGUEZ,AGUADILLA,AGUADILLA,40444,JOSE ACEVEDO ALVAREZ,138,114
MAYAGUEZ,AGUADILLA,AGUADILLA,40469,S. U. ADAMS,693,554
MAYAGUEZ,AGUADILLA,AGUADILLA,40477,ELEMENTAL  LUIS MUNOZ RIVERA,237,194
MAYAGUEZ,AGUADILLA,AGUADILLA,40485,INTERMEDIA  ANTONIO BADILLO,353,287
MAYAGUEZ,AGUADILLA,AGUADILLA,40493,ANA M. JAVARIZ,272,258
MAYAGUEZ,AGUADILLA,AGUADILLA,44743,EXT. BORINQUEN,128,106
MAYAGUEZ,AGUADILLA,AGUADILLA,45468,SALVADOR FUENTES,308,274
MAYAGUEZ,AGUADILLA,AGUADILLA,46656,BENITO CEREZO MARQUEZ,379,310
MAYAGUEZ,AGUADILLA,AGUADILLA,46664,ESTER FELICIANO MENDOZA,451,339
MAYAGUEZ,AGUADILLA,AGUADILLA,46672,ELEMENTAL  ANTONIO BADILLO HERNANDEZ,404,260
MAYAGUEZ,AGUADILLA,AGUADILLA,47647,JUAN SUARES PELEGRINA,696,451
MAYAGUEZ,AGUADILLA,AnASCO,40519,ALCIDES FIGUEROA,294,243
MAYAGUEZ,AGUADILLA,AnASCO,40527,ANTONIO GONZALEZ SUAREZ (ESPECIALIZADA BILINGUE),290,129
MAYAGUEZ,AGUADILLA,AnASCO,40626,ESPINO,301,244
MAYAGUEZ,AGUADILLA,AnASCO,40667,ISABEL SUAREZ,419,339
MAYAGUEZ,AGUADILLA,AnASCO,40733,OVEJAS,90,80
MAYAGUEZ,AGUADILLA,AnASCO,40741,PARCELAS MARIA,171,131
MAYAGUEZ,AGUADILLA,AnASCO,40758,MARIANA BRACETTI,139,119
MAYAGUEZ,AGUADILLA,AnASCO,40790,PLAYA,103,84
MAYAGUEZ,AGUADILLA,AnASCO,40824,QUEBRADA LARGA,117,108
MAYAGUEZ,AGUADILLA,AnASCO,40832,SERGIO RAMIREZ DE ARELLANO (ESPECIALIZADA BILINGU),232,89
MAYAGUEZ,AGUADILLA,AnASCO,46995,LUIS MUNOZ MARIN,476,340
MAYAGUEZ,AGUADILLA,AnASCO,47613,CARMEN CASASUS MARTI (ELEM URBANA),314,227
MAYAGUEZ,AGUADILLA,RINCON,42820,JORGE SEDA CRESPO,365,272
MAYAGUEZ,AGUADILLA,RINCON,42887,GENOVEVA PEREZ,141,94
MAYAGUEZ,AGUADILLA,RINCON,42911,CONRADO RODRIGUEZ,158,127
MAYAGUEZ,AGUADILLA,RINCON,42929,JUAN RUIZ PEDROSA,165,137
MAYAGUEZ,AGUADILLA,RINCON,42945,S. U. MANUEL G. MELO,322,274
MAYAGUEZ,AGUADILLA,RINCON,44826,OCTAVIO CUMPIANO,115,101
MAYAGUEZ,AGUADILLA,RINCON,47662,MANUEL GARCIA PEREZ (SUP. NUEVA),403,357
MAYAGUEZ,CABO ROJO,CABO ROJO,40915,JAMES GARFIELD,174,148
MAYAGUEZ,CABO ROJO,CABO ROJO,40931,MANUEL FERNADEZ JUNCOS,129,91
MAYAGUEZ,CABO ROJO,CABO ROJO,40949,LUIS MUNIZ SOUFFRONT,128,96
MAYAGUEZ,CABO ROJO,CABO ROJO,40964,LUIS MUNOZ MARIN,214,175
MAYAGUEZ,CABO ROJO,CABO ROJO,40972,PEDRO FIDEL COLBERG,269,206
MAYAGUEZ,CABO ROJO,CABO ROJO,40980,PEDRO NELSON COLBERG,350,262
MAYAGUEZ,CABO ROJO,CABO ROJO,41004,S. U. CARMEN VIGNALS ROSARIO,258,200
MAYAGUEZ,CABO ROJO,CABO ROJO,41012,S. U. FEDERICO DEGETAU,303,253
MAYAGUEZ,CABO ROJO,CABO ROJO,41020,S. U. ANTONIO ACARON CORREA,315,205
MAYAGUEZ,CABO ROJO,CABO ROJO,44511,SEBASTIAN PABON ALVES (COROZO),244,198
MAYAGUEZ,CABO ROJO,CABO ROJO,44867,RAMON E. BETANCES,208,171
MAYAGUEZ,CABO ROJO,CABO ROJO,44875,CARLOTA MATIENZO,126,106
MAYAGUEZ,CABO ROJO,CABO ROJO,46821,INES MARIA MENDOZA DE MUNOZ MARIN,586,411
MAYAGUEZ,CABO ROJO,CABO ROJO,46987,MONSERRATE LEON DE IRIZARRY,398,283
MAYAGUEZ,CABO ROJO,CABO ROJO,47357,SEVERO E. COLBERG RAMIREZ,509,380
MAYAGUEZ,CABO ROJO,CABO ROJO,48306,S.U. BO.PUERTO REAL,532,412
MAYAGUEZ,CABO ROJO,LAJAS,41467,ARTURO GRANT PARDO,196,158
MAYAGUEZ,CABO ROJO,LAJAS,41475,ALEJANDRO TAPIA Y RIVERA,143,104
MAYAGUEZ,CABO ROJO,LAJAS,41483,ANTONIO PAGAN,202,177
MAYAGUEZ,CABO ROJO,LAJAS,41541,LUIS MUNOZ RIVERA,426,346
MAYAGUEZ,CABO ROJO,LAJAS,41566,ROSENDO MATIENZO CINTRON,138,116
MAYAGUEZ,CABO ROJO,LAJAS,41582,S. U. JUAN CANCIO ORTIZ DE LA RENTA,414,325
MAYAGUEZ,CABO ROJO,LAJAS,41590,MARIO F. PAGAN IRIZARRY(STA ROSA),213,171
MAYAGUEZ,CABO ROJO,LAJAS,44529,RAMON OLIVARES,110,97
MAYAGUEZ,CABO ROJO,LAJAS,45682,LEONIDES MORALES RODRIGUEZ,718,520
MAYAGUEZ,CABO ROJO,LAJAS,50120,ELEMENTAL URBANA NUEVA,539,429
MAYAGUEZ,CABO ROJO,SABANA GRANDE,42952,S. U. DAVID ANTONGIORGI,642,445
MAYAGUEZ,CABO ROJO,SABANA GRANDE,42994,FRANKLIN D. ROOSEVELT,145,95
MAYAGUEZ,CABO ROJO,SABANA GRANDE,43018,JOSE R. GAZTAMBIDE,304,252
MAYAGUEZ,CABO ROJO,SABANA GRANDE,43034,JOSE A. CASTILLO,272,212
MAYAGUEZ,CABO ROJO,SABANA GRANDE,43042,JOSE C. BARBOSA,125,85
MAYAGUEZ,CABO ROJO,SABANA GRANDE,43059,JUAN I. VEGA,151,116
MAYAGUEZ,CABO ROJO,SABANA GRANDE,43067,S. U. FRANCISCO VAZQUEZ PUEYO,244,189
MAYAGUEZ,CABO ROJO,SABANA GRANDE,43125,ROSENDO MATIENZO CINTRON,117,76
MAYAGUEZ,CABO ROJO,SABANA GRANDE,45393,BLANCA MALARET,425,340
MAYAGUEZ,CABO ROJO,SABANA GRANDE,48264,LUIS NEGRON LOPEZ,513,363
MAYAGUEZ,CABO ROJO,SAN GERMAN,43166,AMINA TIO DE MALARET,222,154
MAYAGUEZ,CABO ROJO,SAN GERMAN,43174,ANTONIA MARTINEZ,158,128
MAYAGUEZ,CABO ROJO,SAN GERMAN,43224,JULIO VICTOR GUZMAN,447,343
MAYAGUEZ,CABO ROJO,SAN GERMAN,43240,LUIS MUNOZ RIVERA,82,63
MAYAGUEZ,CABO ROJO,SAN GERMAN,43257,GEORGINA ALVARADO,163,120
MAYAGUEZ,CABO ROJO,SAN GERMAN,43273,BARTOLOME DE LAS CASAS,145,117
MAYAGUEZ,CABO ROJO,SAN GERMAN,43299,MARIANO ABRIL,114,96
MAYAGUEZ,CABO ROJO,SAN GERMAN,43307,HERMINIA C. RAMIREZ,151,119
MAYAGUEZ,CABO ROJO,SAN GERMAN,43315,LOLA RODRIGUEZ DE TIO,678,487
MAYAGUEZ,CABO ROJO,SAN GERMAN,43323,HENRY W. LONGFELLOW,416,332
MAYAGUEZ,CABO ROJO,SAN GERMAN,43380,S. U. FEDERICO DEGETAU,178,143
MAYAGUEZ,CABO ROJO,SAN GERMAN,43398,S. U. FRANCISCO M. QUINONES,359,278
MAYAGUEZ,CABO ROJO,SAN GERMAN,43406,LAURA MERCADO (ESPECIALIZADA),331,267
MAYAGUEZ,CABO ROJO,SAN GERMAN,43414,S. U. GALO ROSADO,222,165
MAYAGUEZ,CABO ROJO,SAN GERMAN,47605,CARMEN BORRAS BATISTINI,87,73
MAYAGUEZ,MAYAGUEZ,HORMIGUEROS,41061,SEGUNDO RUIZ BELVIS,520,311
MAYAGUEZ,MAYAGUEZ,HORMIGUEROS,41103,RAFAEL HERNANDEZ,181,153
MAYAGUEZ,MAYAGUEZ,HORMIGUEROS,41111,MIGUEL A. RIVERA,132,86
MAYAGUEZ,MAYAGUEZ,HORMIGUEROS,41129,ANA PAGAN DE RODRIGUEZ,188,146
MAYAGUEZ,MAYAGUEZ,HORMIGUEROS,44891,S. U. ALFREDO DORRINGTON,380,258
MAYAGUEZ,MAYAGUEZ,HORMIGUEROS,46052,RAMON E. RODRIGUEZ,502,356
MAYAGUEZ,MAYAGUEZ,HORMIGUEROS,48017,ELEMENTAL NUEVA,355,261
MAYAGUEZ,MAYAGUEZ,LAS MARIAS,41632,BRYAN,103,93
MAYAGUEZ,MAYAGUEZ,LAS MARIAS,41699,CONSUMO,130,92
MAYAGUEZ,MAYAGUEZ,LAS MARIAS,41814,S. U. LAURO GONZALEZ,325,252
MAYAGUEZ,MAYAGUEZ,LAS MARIAS,41822,FORTUNADO JORGE CARDONA,155,134
MAYAGUEZ,MAYAGUEZ,LAS MARIAS,46219,EVA Y PATRIA CUSTODIO,233,176
MAYAGUEZ,MAYAGUEZ,LAS MARIAS,47555,LUIS SANTALIZ CAPESTANY,267,188
MAYAGUEZ,MAYAGUEZ,LAS MARIAS,47977,EUGENIO MARIA DE  HOSTOS,213,179
MAYAGUEZ,MAYAGUEZ,MARICAO,41855,MARIANA BRACETTI,155,114
MAYAGUEZ,MAYAGUEZ,MARICAO,41913,INDIERA FRIA,68,59
MAYAGUEZ,MAYAGUEZ,MARICAO,41921,RAUL IBARRA,191,148
MAYAGUEZ,MAYAGUEZ,MARICAO,41954,S. U. FRANCISCO VINCENTY,123,117
MAYAGUEZ,MAYAGUEZ,MARICAO,45641,LA CARMEN,105,84
MAYAGUEZ,MAYAGUEZ,MARICAO,47639,SUPERIOR URBANA,197,146
MAYAGUEZ,MAYAGUEZ,MAYAGUEZ,42002,FEDERICO ASENJO,111,100
MAYAGUEZ,MAYAGUEZ,MAYAGUEZ,42028,CASTILLO,122,103
MAYAGUEZ,MAYAGUEZ,MAYAGUEZ,42036,CHARLES T. IRIZARRY,87,83
MAYAGUEZ,MAYAGUEZ,MAYAGUEZ,42069,CUESTA DE PIEDRA,190,154
MAYAGUEZ,MAYAGUEZ,MAYAGUEZ,42077,PEDRO PEREA FAJARDO,979,801
MAYAGUEZ,MAYAGUEZ,MAYAGUEZ,42085,SEGUNDO RUIZ BELVIS,163,150
MAYAGUEZ,MAYAGUEZ,MAYAGUEZ,42119,DAVID G. FARRAGUT,310,275
MAYAGUEZ,MAYAGUEZ,MAYAGUEZ,42135,FRANCISCO VINCENTY,174,159
MAYAGUEZ,MAYAGUEZ,MAYAGUEZ,42143,FRANKLIN D. ROOSEVELT,190,182
MAYAGUEZ,MAYAGUEZ,MAYAGUEZ,42176,JOSE GAUTIER BENITEZ,273,238
MAYAGUEZ,MAYAGUEZ,MAYAGUEZ,42234,S. U. FELISA RINCON DE GAUTIER (S.U. LIMON),122,110
MAYAGUEZ,MAYAGUEZ,MAYAGUEZ,42242,LUIS MUNOZ RIVERA,371,279
MAYAGUEZ,MAYAGUEZ,MAYAGUEZ,42259,OLGA MAS RAMIREZ,155,121
MAYAGUEZ,MAYAGUEZ,MAYAGUEZ,42267,MANUEL A. BARRETO,244,214
MAYAGUEZ,MAYAGUEZ,MAYAGUEZ,42275,MANUEL FERNANDEZ JUNCOS,103,86
MAYAGUEZ,MAYAGUEZ,MAYAGUEZ,42283,MARIANO RIERA PALMER,169,140
MAYAGUEZ,MAYAGUEZ,MAYAGUEZ,42317,MIRADERO 2,116,102
MAYAGUEZ,MAYAGUEZ,MAYAGUEZ,42341,LA SOLEDAD,141,122
MAYAGUEZ,MAYAGUEZ,MAYAGUEZ,42374,RAFAEL CORDERO MOLINA,192,151
MAYAGUEZ,MAYAGUEZ,MAYAGUEZ,42390,RAFAEL MARTINEZ NADAL,215,171
MAYAGUEZ,MAYAGUEZ,MAYAGUEZ,42408,RAMON VALLE SEDA,168,168
MAYAGUEZ,MAYAGUEZ,MAYAGUEZ,42424,RIO CANAS ARRIBA,86,63
MAYAGUEZ,MAYAGUEZ,MAYAGUEZ,42432,CONSUELO PEREZ CINTRON,79,72
MAYAGUEZ,MAYAGUEZ,MAYAGUEZ,42457,S. U. SABANETAS MANI,231,186
MAYAGUEZ,MAYAGUEZ,MAYAGUEZ,42465,THEODORE ROOSEVELT,269,216
MAYAGUEZ,MAYAGUEZ,MAYAGUEZ,44545,MARIA D. FARIA,318,295
MAYAGUEZ,MAYAGUEZ,MAYAGUEZ,44560,CENTRO RES. OPORTUNIDADES EDUC. (ESPECIALIZADA),143,45
MAYAGUEZ,MAYAGUEZ,MAYAGUEZ,44834,CONCORDIA,151,141
MAYAGUEZ,MAYAGUEZ,MAYAGUEZ,44842,MARIA L. ARCELAY,169,167
MAYAGUEZ,MAYAGUEZ,MAYAGUEZ,45955,ELPIDIO H. RIVERA,439,382
MAYAGUEZ,MAYAGUEZ,MAYAGUEZ,47084,ESTEBAN ROSADO BAEZ,194,157
MAYAGUEZ,MAYAGUEZ,MAYAGUEZ,47571,RIO CANAS ABAJO,404,324
MAYAGUEZ,MAYAGUEZ,MAYAGUEZ,48298,EUGENIO MARIA DE HOSTOS,869,619
MAYAGUEZ,SAN SEBASTIAN,ISABELA,15206,MANUEL CORCHADO Y JUARBE,238,214
MAYAGUEZ,SAN SEBASTIAN,ISABELA,15214,JOSE J. ACOSTA,177,140
MAYAGUEZ,SAN SEBASTIAN,ISABELA,15222,EMILIA CASTILLO VDA. ABREU,361,279
MAYAGUEZ,SAN SEBASTIAN,ISABELA,15230,LUIS MUNOZ RIVERA,401,305
MAYAGUEZ,SAN SEBASTIAN,ISABELA,15248,FRANCISCO MENDOZA,613,463
MAYAGUEZ,SAN SEBASTIAN,ISABELA,15255,JUAN B. HUYKE,128,101
MAYAGUEZ,SAN SEBASTIAN,ISABELA,15297,BERJAMIN CORCHADO JUARBE,173,142
MAYAGUEZ,SAN SEBASTIAN,ISABELA,15305,LA PLANTA,141,113
MAYAGUEZ,SAN SEBASTIAN,ISABELA,15321,NICANDRO GARCIA,131,118
MAYAGUEZ,SAN SEBASTIAN,ISABELA,15396,MATEO HERNANDEZ,208,169
MAYAGUEZ,SAN SEBASTIAN,ISABELA,15404,EPIFANIO ESTRADA,171,132
MAYAGUEZ,SAN SEBASTIAN,ISABELA,15412,GLORIA GONZALEZ   (LAS CRUCES),116,100
MAYAGUEZ,SAN SEBASTIAN,ISABELA,15420,GRACIELINA ROSADSO ALFARO,132,125
MAYAGUEZ,SAN SEBASTIAN,ISABELA,15438,ANTONIO GEIGEL PAREDES,288,214
MAYAGUEZ,SAN SEBASTIAN,ISABELA,15446,JOSE C. ROSARIO,502,388
MAYAGUEZ,SAN SEBASTIAN,ISABELA,15453,S. U. JOSE A VARGAS,322,225
MAYAGUEZ,SAN SEBASTIAN,ISABELA,15750,IRMA DELIZ DE MUNOZ,336,251
MAYAGUEZ,SAN SEBASTIAN,ISABELA,15792,DR. HERIBERTO DOMENECH,534,351
MAYAGUEZ,SAN SEBASTIAN,ISABELA,17657,CEFERINA CORDERO,130,95
MAYAGUEZ,SAN SEBASTIAN,MOCA,42473,LUIS COLON (ADOLFO BABILONIA),373,309
MAYAGUEZ,SAN SEBASTIAN,MOCA,42481,S. U. ARISTIDES MAISONAVE,247,214
MAYAGUEZ,SAN SEBASTIAN,MOCA,42523,ANTONIO S. PEDREIRA,241,184
MAYAGUEZ,SAN SEBASTIAN,MOCA,42531,NARCISO BOSQUES SOTO,98,81
MAYAGUEZ,SAN SEBASTIAN,MOCA,42564,CERRO GORDO LAOS,89,72
MAYAGUEZ,SAN SEBASTIAN,MOCA,42572,CERRO GORDO MEDINA,127,108
MAYAGUEZ,SAN SEBASTIAN,MOCA,42697,GEORGE WASHINGTON,129,95
MAYAGUEZ,SAN SEBASTIAN,MOCA,42705,LAS LOMAS,120,104
MAYAGUEZ,SAN SEBASTIAN,MOCA,42713,BASILIO CHARENCO (MARIAS I),115,106
MAYAGUEZ,SAN SEBASTIAN,MOCA,42739,MARIAS III,136,109
MAYAGUEZ,SAN SEBASTIAN,MOCA,42747,JULIO BABILONIA,80,61
MAYAGUEZ,SAN SEBASTIAN,MOCA,42770,TOMAS VERA AYALA,146,122
MAYAGUEZ,SAN SEBASTIAN,MOCA,42804,ELEMENTAL  J. DE DIOS QUINONES,316,260
MAYAGUEZ,SAN SEBASTIAN,MOCA,42812,S. U. CUCHILLAS,303,274
MAYAGUEZ,SAN SEBASTIAN,MOCA,46003,EFRAIN SANCHEZ HIDALGO INTERMEDIA,490,349
MAYAGUEZ,SAN SEBASTIAN,MOCA,46334,MARCELINO RODRIGUEZ ROMAN,432,306
MAYAGUEZ,SAN SEBASTIAN,MOCA,47894,CATALINA MORALES DE FLORES,805,528
MAYAGUEZ,SAN SEBASTIAN,SAN SEBASTIAN,43448,INES MENDOZA (MIRABALES MENDOZA),121,103
MAYAGUEZ,SAN SEBASTIAN,SAN SEBASTIAN,43455,AIBONITO BELTRAN,114,96
MAYAGUEZ,SAN SEBASTIAN,SAN SEBASTIAN,43471,ANGEL GUERRERO(AIBONITO GUERRERO),107,84
MAYAGUEZ,SAN SEBASTIAN,SAN SEBASTIAN,43489,PABLO CARDONA (ALTOZANO),144,120
MAYAGUEZ,SAN SEBASTIAN,SAN SEBASTIAN,43505,AUREA FUENTES (CALABAZAS INFANTES,84,77
MAYAGUEZ,SAN SEBASTIAN,SAN SEBASTIAN,43539,FRANCISCO LUGO (CULEBRINAS),99,79
MAYAGUEZ,SAN SEBASTIAN,SAN SEBASTIAN,43547,JUANA B GUZMAN ( GUACIO),101,69
MAYAGUEZ,SAN SEBASTIAN,SAN SEBASTIAN,43612,JOAQUIN ORONOZ RONDON,164,114
MAYAGUEZ,SAN SEBASTIAN,SAN SEBASTIAN,43620,MINIMA ORONOZ,113,97
MAYAGUEZ,SAN SEBASTIAN,SAN SEBASTIAN,43646,NARCISO RABELL CABRERO,253,216
MAYAGUEZ,SAN SEBASTIAN,SAN SEBASTIAN,43679,DON AGUSTIN ACEVEDO HERNANDEZ,191,110
MAYAGUEZ,SAN SEBASTIAN,SAN SEBASTIAN,43711,MARIA S. DEL RIO,109,75
MAYAGUEZ,SAN SEBASTIAN,SAN SEBASTIAN,43729,S. U. BERNALDO MENDEZ JIMENEZ,653,491
MAYAGUEZ,SAN SEBASTIAN,SAN SEBASTIAN,43737,S. U. JUAN CARDONA,125,101
MAYAGUEZ,SAN SEBASTIAN,SAN SEBASTIAN,43745,S. U. MAXIMINO A. SALAS,340,267
MAYAGUEZ,SAN SEBASTIAN,SAN SEBASTIAN,43752,S. U. CARMELO SERRANO CUBANO,419,311
MAYAGUEZ,SAN SEBASTIAN,SAN SEBASTIAN,43794,RAMON M .TORRES,301,239
MAYAGUEZ,SAN SEBASTIAN,SAN SEBASTIAN,46201,EMILIO SCHARON RODRIGUEZ,258,224
MAYAGUEZ,SAN SEBASTIAN,SAN SEBASTIAN,46805,ERNESTINA MENDEZ,507,351
MAYAGUEZ,SAN SEBASTIAN,SAN SEBASTIAN,47126,PATRIA LATORRE RAMIREZ,693,404
MAYAGUEZ,SAN SEBASTIAN,SAN SEBASTIAN,47902,SUPERIOR  VOC. MANUEL M. LICIAGA,895,696
MAYAGUEZ,SAN SEBASTIAN,SAN SEBASTIAN,48025,AURORA MENDEZ CHARNECO,397,301
PONCE,PONCE,PONCE I,51987,ROMAN BALDORIOTY DE CASTRO,140,129
PONCE,PONCE,PONCE I,52027,CERRILLOS HOYOS,131,108
PONCE,PONCE,PONCE I,52084,DR. JOSE CELSO BARBOSA,174,160
PONCE,PONCE,PONCE I,52134,JOSE GAUTIER BENITEZ,304,247
PONCE,PONCE,PONCE I,52233,JOSE JULIAN ACOSTA,133,91
PONCE,PONCE,PONCE I,52266,JUAN MORELL CAMPOS ELEMENTAL,150,136
PONCE,PONCE,PONCE I,52274,SUPERIOR JUAN SERRALES,429,335
PONCE,PONCE,PONCE I,52308,ANSELMO RIVERA MATOS,116,91
PONCE,PONCE,PONCE I,52324,LAS MONJITAS,165,138
PONCE,PONCE,PONCE I,52373,LUIS MUNOZ RIVERA I,127,95
PONCE,PONCE,PONCE I,52381,LUIS MUNOZ RIVERA II,223,181
PONCE,PONCE,PONCE I,52506,PEDRO J. FOURNIER,107,85
PONCE,PONCE,PONCE I,52555,RAMON MARIN,128,106
PONCE,PONCE,PONCE I,52571,RODULFO DEL VALLE,219,214
PONCE,PONCE,PONCE I,52704,JULIO COLLAZO,190,155
PONCE,PONCE,PONCE I,52712,THOMAS ARMSTRONG TORO (ESPECIALIZADA),146,78
PONCE,PONCE,PONCE I,52720,TOMAS CARRION MADURO,260,198
PONCE,PONCE,PONCE I,54288,ERNESTO RAMOS ANTONINI,128,123
PONCE,PONCE,PONCE I,54635,HERMINIA GARCIA,395,286
PONCE,PONCE,PONCE I,54957,PARCELAS REAL,82,67
PONCE,PONCE,PONCE I,55871,ANTONIO PAOLI,308,268
PONCE,PONCE,PONCE I,56093,LLANOS DEL SUR,519,416
PONCE,PONCE,PONCE I,56101,MANUEL GONZALEZ PATO,527,455
PONCE,PONCE,PONCE I,56424,INTERMEDIA JARDINES DE PONCE,580,498
PONCE,PONCE,PONCE I,56432,SUPERIOR JARDINES DE PONCE,595,488
PONCE,PONCE,PONCE I,57026,SANTA TERESITA,343,298
PONCE,PONCE,PONCE I,57562,INTERMEDIA JUAN SERRALLES,491,364
PONCE,PONCE,PONCE II,52092,DR. RAFAEL LOPEZ NUSSA,142,121
PONCE,PONCE,PONCE II,52142,HEMETERIO COLON,344,231
PONCE,PONCE,PONCE II,52167,FEDERICO DEGETAU,207,187
PONCE,PONCE,PONCE II,52175,JOAQUIN FERRAN,136,128
PONCE,PONCE,PONCE II,52183,CAPITANEJO,191,159
PONCE,PONCE,PONCE II,52357,ABRAHAN LINCOLN,255,214
PONCE,PONCE,PONCE II,52423,OLIMPO OTERO,119,104
PONCE,PONCE,PONCE II,52449,PARCELAS MAGUEYES,149,125
PONCE,PONCE,PONCE II,52456,FRANCISCO PARRA DUPERON,170,136
PONCE,PONCE,PONCE II,52514,PONCE HIGH,990,808
PONCE,PONCE,PONCE II,52522,DR. RAFAEL PUJALS,390,345
PONCE,PONCE,PONCE II,52548,RAMIRO COLON COLON,230,200
PONCE,PONCE,PONCE II,52621,ISMAEL MALDONADO,270,242
PONCE,PONCE,PONCE II,54247,LIBRADO NET,289,220
PONCE,PONCE,PONCE II,54502,JOSEFINA BOYA LEON,404,283
PONCE,PONCE,PONCE II,54940,ANDRES GRILLASCA,338,303
PONCE,PONCE,PONCE II,54965,PARCELAS MARUENO,102,90
PONCE,PONCE,PONCE II,55483,ANGELA CORDERO BERNARD,824,505
PONCE,PONCE,PONCE II,56069,BETHSAIDA VELAZQUEZ ANDUJAR,285,227
PONCE,PONCE,PONCE II,56085,INTERMEDIA  SOR ISOLINA FERRE (VILLA DEL CARMEN),415,325
PONCE,PONCE,PONCE II,57018,AUREA E. RIVERA COLLAZO,302,218
PONCE,PONCE,PONCE III,52050,FERNANDO LUIS MALAVE OLIVERA,518,447
PONCE,PONCE,PONCE III,52076,DR. RAMON E. BETANCES,94,74
PONCE,PONCE,PONCE III,52118,EDUARDO NEUMANN GANDIA,217,198
PONCE,PONCE,PONCE III,52225,JAIME L. DREW,352,324
PONCE,PONCE,PONCE III,52258,JUAN CUEVAS ABOY,329,270
PONCE,PONCE,PONCE III,52340,LIZZIE GRAHAM,183,165
PONCE,PONCE,PONCE III,52365,LUCY GRILLASCA,284,229
PONCE,PONCE,PONCE III,52431,EUGENIO MARIA DE HOSTOS,163,159
PONCE,PONCE,PONCE III,52464,JULIA CORDERO NEGRON,183,163
PONCE,PONCE,PONCE III,52530,CARMEN MEDINA ANAYA,92,79
PONCE,PONCE,PONCE III,52589,SEGUNDO RUIZ BELVIS,190,178
PONCE,PONCE,PONCE III,52613,S. U. ROSARIO LATORRE MORALES,66,61
PONCE,PONCE,PONCE III,52688,DR. PILA,504,416
PONCE,PONCE,PONCE III,52696,BERNARDINO CORDERO BERNARD,643,504
PONCE,PONCE,PONCE III,54866,DR. ALFREDO AGUAYO,130,126
PONCE,PONCE,PONCE III,55475,JULIO ALVARADO,402,361
PONCE,PONCE,PONCE III,56440,EUGENIO LECOMBE(INT. DELICIAS),510,423
PONCE,PONCE,PONCE III,57182,CARMEN SOLA DE PEDREIRA,386,304
PONCE,PONCE,PONCE III,57299,PEDRO ALBIZU CAMPOS,334,307
PONCE,PONCE,PONCE III,58511,LILA MERCEDES MAYORAL WIRSHING,338,289
PONCE,SANTA ISABEL,COAMO,50443,S. U. EUGENIO NAZARIO SOTO,271,210
PONCE,SANTA ISABEL,COAMO,50468,RAMON JOSE DAVILA,621,404
PONCE,SANTA ISABEL,COAMO,50492,BENJAMIN FRANKLIN,368,299
PONCE,SANTA ISABEL,COAMO,50500,JOSE RAMON RODRIGUEZ,338,292
PONCE,SANTA ISABEL,COAMO,50526,SUSANA RIVERA,364,235
PONCE,SANTA ISABEL,COAMO,50542,PURIFICACION RODRIGUEZ,338,232
PONCE,SANTA ISABEL,COAMO,50559,BENIGNA INES CARATINI ESPARRA,170,115
PONCE,SANTA ISABEL,COAMO,50591,AURELIA QUINTERO LABOY,138,97
PONCE,SANTA ISABEL,COAMO,50609,S. U. RIO JUEYES,318,234
PONCE,SANTA ISABEL,COAMO,50617,RUFINO HUERTAS,184,119
PONCE,SANTA ISABEL,COAMO,50633,S. U. ENRIQUE COLON,180,156
PONCE,SANTA ISABEL,COAMO,50641,ANASTASIO SANTIAGO,107,76
PONCE,SANTA ISABEL,COAMO,50658,HILDA RAQUEL MATEO (SANTA ANA),144,114
PONCE,SANTA ISABEL,COAMO,50666,S. U. MANUEL CANDANEDO,195,160
PONCE,SANTA ISABEL,COAMO,55350,FLORENCIO SANTIAGO,465,307
PONCE,SANTA ISABEL,COAMO,56226,JOSE FELIPE ZAYAS,708,496
PONCE,SANTA ISABEL,COAMO,57828,HERMINIO W. SANTAELLA,225,156
PONCE,SANTA ISABEL,COAMO,58131,JOSE M ESPADA,371,292
PONCE,SANTA ISABEL,COAMO,58248,SABINO RIVERA BERRIOS,111,89
PONCE,SANTA ISABEL,JUANA DIAZ,51540,SANTIAGO COLLAZO PEREZ,207,156
PONCE,SANTA ISABEL,JUANA DIAZ,51565,CARMEN FLORES,166,115
PONCE,SANTA ISABEL,JUANA DIAZ,51581,FRANCISCO ZENON LAPORTE,141,89
PONCE,SANTA ISABEL,JUANA DIAZ,51631,FELIPE COLON DIAZ,665,480
PONCE,SANTA ISABEL,JUANA DIAZ,51656,RUTHFORD B HAYES,332,240
PONCE,SANTA ISABEL,JUANA DIAZ,51680,JUANITA RIVERA,150,99
PONCE,SANTA ISABEL,JUANA DIAZ,51698,LUIS LLORENS TORRES,565,385
PONCE,SANTA ISABEL,JUANA DIAZ,51706,MANUEL FERNANDEZ JUNCOS ,308,242
PONCE,SANTA ISABEL,JUANA DIAZ,51763,LUIS MUNOZ MARIN,236,184
PONCE,SANTA ISABEL,JUANA DIAZ,51789,S. U. TOMAS CARRION MADURO,190,138
PONCE,SANTA ISABEL,JUANA DIAZ,51797,S. U. ZOILO GRACIA,302,261
PONCE,SANTA ISABEL,JUANA DIAZ,51813,INTERMEDIA SALVADOR BUSQUETS,210,179
PONCE,SANTA ISABEL,JUANA DIAZ,54817,ROSA MARIA ZAMBRANA,84,57
PONCE,SANTA ISABEL,JUANA DIAZ,54916,JOSE A. GONZALES,147,126
PONCE,SANTA ISABEL,JUANA DIAZ,55731,JUAN SERAPIO MANGUAL,271,211
PONCE,SANTA ISABEL,JUANA DIAZ,55889,PEDRO ALBIZU CAMPOS,268,205
PONCE,SANTA ISABEL,JUANA DIAZ,56119,CARMEN BELEN VEIGA,551,366
PONCE,SANTA ISABEL,JUANA DIAZ,57877,DR. MAXIMO DONOSO SANCHEZ,502,375
PONCE,SANTA ISABEL,JUANA DIAZ,58172,PEDRO COLON SANTIAGO,463,368
PONCE,SANTA ISABEL,JUANA DIAZ,58255,FRANCISCO PRADO PICART,298,237
PONCE,SANTA ISABEL,SANTA ISABEL,52944,MARTIN G. BRUMBAUGH,127,123
PONCE,SANTA ISABEL,SANTA ISABEL,52969,APOLONIA VALENTIN    (FELICIA),151,81
PONCE,SANTA ISABEL,SANTA ISABEL,52985,ANA VALLDEJULY (JAUCA),165,125
PONCE,SANTA ISABEL,SANTA ISABEL,52993,JOHN F. KENNEDY,168,138
PONCE,SANTA ISABEL,SANTA ISABEL,53009,MANUEL MARTIN MONSERRATE,472,393
PONCE,SANTA ISABEL,SANTA ISABEL,53017,FELICITA OLIVIERI SANTINI (OLLAS),78,66
PONCE,SANTA ISABEL,SANTA ISABEL,53025,ESTHER RIVERA(PASO SECO),212,152
PONCE,SANTA ISABEL,SANTA ISABEL,53033,EMILIO CASAS (PENUELAS),92,65
PONCE,SANTA ISABEL,SANTA ISABEL,53041,PLAYA,81,58
PONCE,SANTA ISABEL,SANTA ISABEL,53058,S. U. PLAYITA DE CORTADA,352,274
PONCE,SANTA ISABEL,SANTA ISABEL,53066,ANA L ROSA TRICOCHE (VELAZQUEZ),119,92
PONCE,SANTA ISABEL,SANTA ISABEL,57703,ELVIRA M. COLON NEGRON,554,451
PONCE,SANTA ISABEL,VILLALBA,53090,JOHNNY E. LABOY,140,102
PONCE,SANTA ISABEL,VILLALBA,53116,ELADIA CORREA MORALES (CERRO GORDO),80,63
PONCE,SANTA ISABEL,VILLALBA,53132,S. U. ALFREDO BOCACHICA,449,354
PONCE,SANTA ISABEL,VILLALBA,53140,S. U. HATILLO,390,310
PONCE,SANTA ISABEL,VILLALBA,53157,ELADIO ROSA ROMERO,182,125
PONCE,SANTA ISABEL,VILLALBA,53173,S. U. JOSE GONZALEZ GINORIO,293,195
PONCE,SANTA ISABEL,VILLALBA,53199,LIMON,86,63
PONCE,SANTA ISABEL,VILLALBA,53215,AUREA GINESTRE,86,65
PONCE,SANTA ISABEL,VILLALBA,53256,FRANCISCO ZAYAS SANTANA,434,267
PONCE,SANTA ISABEL,VILLALBA,53280,WALTER MCJONES,473,387
PONCE,SANTA ISABEL,VILLALBA,56077,NORMA I. TORRES COLON,245,196
PONCE,SANTA ISABEL,VILLALBA,58180,LYSANDER BORRERO TERRY,892,570
PONCE,SANTA ISABEL,VILLALBA,58263,DANIEL SERRANO RIVERA,407,255
PONCE,SANTA ISABEL,VILLALBA,58495,RAMON LOPEZ BERRIOS,165,93
PONCE,SANTA ISABEL,VILLALBA,58503,SUPERIOR NUEVA,277,196
PONCE,UTUADO,ADJUNTAS,50104,FRANCISCO PIETRI MARIANI,96,82
PONCE,UTUADO,ADJUNTAS,50179,JOSE PILAR GONZALEZ,148,116
PONCE,UTUADO,ADJUNTAS,50187,JUAN GARRASTEGUI,124,102
PONCE,UTUADO,ADJUNTAS,50229,S. U. HECTOR I. RIVERA,174,152
PONCE,UTUADO,ADJUNTAS,50252,DOMINGO MASSOL,122,110
PONCE,UTUADO,ADJUNTAS,50260,ANGEL A. MALDONADO,100,90
PONCE,UTUADO,ADJUNTAS,50286,TELESFORO VELEZ OLIVER,128,104
PONCE,UTUADO,ADJUNTAS,50294,JOSE EMILIO LUGO,528,407
PONCE,UTUADO,ADJUNTAS,54551,RAFAEL APARICIO JIMENEZ,539,428
PONCE,UTUADO,ADJUNTAS,54882,WASHINGTON IRVING,227,192
PONCE,UTUADO,ADJUNTAS,58081,ELEMENTAL DOMINGO PIETRI RUIZ,213,162
PONCE,UTUADO,JAYUYA,51342,ELEMENTAL  URBANA I(JAYUYA),233,167
PONCE,UTUADO,JAYUYA,51367,AGUSTIN ORTIZ RIVERA,196,144
PONCE,UTUADO,JAYUYA,51375,MIGUEL SASTRE OLIVER,136,101
PONCE,UTUADO,JAYUYA,51425,RAFAEL MARTINEZ NADAL,134,101
PONCE,UTUADO,JAYUYA,51433,S. U. NEMESIO R. CANALES,265,218
PONCE,UTUADO,JAYUYA,51441,S. U. ANTONIO ROMERO MUNIZ,253,215
PONCE,UTUADO,JAYUYA,51458,S. U. ANTONIA SERRANO GONZALEZ,248,217
PONCE,UTUADO,JAYUYA,51482,SAN PATRICIO,113,101
PONCE,UTUADO,JAYUYA,51508,ANGELA CALVANI,213,160
PONCE,UTUADO,JAYUYA,54619,JOSEFINA LEON ZAYAS,698,519
PONCE,UTUADO,JAYUYA,58594,ADRIAN TORRES TORRES,393,281
PONCE,UTUADO,UTUADO,12955,ANGELES EL CORCHO,108,83
PONCE,UTUADO,UTUADO,13094,CARMEN APONTE SANTIAGO (CAYUCO),125,93
PONCE,UTUADO,UTUADO,13144,FELIX SEIJO,167,137
PONCE,UTUADO,UTUADO,13151,FRANCISCO RAMOS,645,507
PONCE,UTUADO,UTUADO,13235,PASO PALMA I,76,71
PONCE,UTUADO,UTUADO,13318,JOSE VIZCARRONDO (SU ANGELES),231,182
PONCE,UTUADO,UTUADO,13326,S. U. FRANCISCO JORDAN,257,203
PONCE,UTUADO,UTUADO,13334,S. U. MARTA LAFONTAINE,158,142
PONCE,UTUADO,UTUADO,13342,ANTONIO TULLA TORRES,205,184
PONCE,UTUADO,UTUADO,13359,INOCENCIO A. MONTERO,359,262
PONCE,UTUADO,UTUADO,13375,ISABEL M. RIVERA,84,66
PONCE,UTUADO,UTUADO,13391,BERNARDO GONZALEZ COLON,469,369
PONCE,UTUADO,UTUADO,13425,LUIS MUNOZ RIVERA,533,370
PONCE,UTUADO,UTUADO,14373,MARIA LIBERTAD GOMEZ,149,139
PONCE,UTUADO,UTUADO,16220,JUDITH A. VIVAS,451,333
PONCE,UTUADO,UTUADO,17707,DR.EFRAIN GONZALEZ TEJERA,159,117
PONCE,UTUADO,UTUADO,17863,NUEVA SUPERIOR VOCACIONAL,450,352
PONCE,YAUCO,GUANICA,50682,MARIA DEL ROSARIO CRUZ,47,43
PONCE,YAUCO,GUANICA,50690,ELSA COUTO ANNONI,139,101
PONCE,YAUCO,GUANICA,50724,FRATERNIDAD,110,79
PONCE,YAUCO,GUANICA,50740,AGRIPINA SEDA,350,308
PONCE,YAUCO,GUANICA,50757,JOSE RODRIGUEZ DE SOTO,380,295
PONCE,YAUCO,GUANICA,50765,OLGA EVANGELINA COLON (LA LUNA),180,133
PONCE,YAUCO,GUANICA,50773,LUIS MUNOZ RIVERA,134,113
PONCE,YAUCO,GUANICA,50781,MAGUEYES,95,77
PONCE,YAUCO,GUANICA,50799,MARIA L MCDOUGALL,207,188
PONCE,YAUCO,GUANICA,50815,CEFERINO COLON,115,94
PONCE,YAUCO,GUANICA,50823,TERESITA NAZARIO SIURANO,268,186
PONCE,YAUCO,GUANICA,57620,AUREA E. QUILES CLAUDIO,471,353
PONCE,YAUCO,GUAYANILLA,51110,FRANCISCO RODRIGUEZ LOPEZ,259,199
PONCE,YAUCO,GUAYANILLA,51151,CONSEJO,127,107
PONCE,YAUCO,GUAYANILLA,51177,HIPOLITO GARCIA BORRERO,219,162
PONCE,YAUCO,GUAYANILLA,51185,ARISTIDES CALES QUIROS,549,437
PONCE,YAUCO,GUAYANILLA,51250,CONSUELO FELICIANO NEGRON,108,97
PONCE,YAUCO,GUAYANILLA,51268,PADRE NAZARIO,115,94
PONCE,YAUCO,GUAYANILLA,51276,ZOILO FERRERO,101,91
PONCE,YAUCO,GUAYANILLA,51292,QUEBRADAS,189,144
PONCE,YAUCO,GUAYANILLA,51334,DALILA TORRES,167,139
PONCE,YAUCO,GUAYANILLA,57125,ASUNCION RODRIGUEZ DE SALA,536,368
PONCE,YAUCO,GUAYANILLA,58164,S. U.  BO. MACANA,748,564
PONCE,YAUCO,PEnUELAS,51839,FELIPE QUINONES,94,83
PONCE,YAUCO,PEnUELAS,51862,ELEMENTAL WEBSTER,300,232
PONCE,YAUCO,PEnUELAS,51870,RAFAEL IRIZARRY,500,385
PONCE,YAUCO,PEnUELAS,51938,S. U. JORGE LUCAS,282,213
PONCE,YAUCO,PEnUELAS,51946,RAMON PEREZ PURCELL,306,262
PONCE,YAUCO,PEnUELAS,51953,ADOLFO GRANA RIVERA,281,230
PONCE,YAUCO,PEnUELAS,51961,TALLABOA ALTA I,93,85
PONCE,YAUCO,PEnUELAS,51979,TALLABOA PONIENTE,133,95
PONCE,YAUCO,PEnUELAS,54429,TALLABOA ALTA INTERMEDIA,248,212
PONCE,YAUCO,PEnUELAS,57323,MIGUEL GONZALEZ BAUZA,261,219
PONCE,YAUCO,PEnUELAS,57919,JOSEFA VELEZ BAUZA,668,499
PONCE,YAUCO,PEnUELAS,58107,ELEMENTAL TALLABOA ALTA,249,214
PONCE,YAUCO,PEnUELAS,58115,INTERMEDIA BARRIO SANTO DOMINGO,94,80
PONCE,YAUCO,YAUCO,53314,TERESA SEMIDEI RODRIGUEZ,80,70
PONCE,YAUCO,YAUCO,53322,ALMACIGO ALTO 1,103,75
PONCE,YAUCO,YAUCO,53330,DORIS MARTINEZ (ALMACIGO ALTO 2),102,83
PONCE,YAUCO,YAUCO,53355,ALMACIGO BAJO I  Y II,118,91
PONCE,YAUCO,YAUCO,53363,ARTURO LLUBERAS,248,192
PONCE,YAUCO,YAUCO,53447,PATRIA PEREZ,122,99
PONCE,YAUCO,YAUCO,53470,ERNESTO RAMOS ANTONINI (ESPECIALIZADA BELLAS ART) ,374,194
PONCE,YAUCO,YAUCO,53512,LUIS MUNOZ RIVERA,235,186
PONCE,YAUCO,YAUCO,53579,LUIS A .FERRE AGUAYO (PALOMAS),128,103
PONCE,YAUCO,YAUCO,53595,RAFAEL MARTINEZ NADAL,171,151
PONCE,YAUCO,YAUCO,53603,ELVIRA VICENTE,410,312
PONCE,YAUCO,YAUCO,53611,CARMEN ESPADA,56,50
PONCE,YAUCO,YAUCO,53660,LENA M. FRANCESCH (RUBIAS KM. 25),112,109
PONCE,YAUCO,YAUCO,53678,INTERMEDIA ANA M. NEGRON ,249,199
PONCE,YAUCO,YAUCO,53686,S. U. JAIME CASTANER,244,212
PONCE,YAUCO,YAUCO,53702,SANTIAGO NEGRONI,304,164
PONCE,YAUCO,YAUCO,53710,SIERRA ALTA,61,53
PONCE,YAUCO,YAUCO,53744,BENECIA VELEZ,175,136
PONCE,YAUCO,YAUCO,54494,SANTA CATALINA,66,60
PONCE,YAUCO,YAUCO,55244,SUPERIOR OCUP. Y TECNICA DE YAUCO,729,507
PONCE,YAUCO,YAUCO,57000,JOSE O. TORRES FERMOSO,386,290
PONCE,YAUCO,YAUCO,57331,INES MARIA MENDOZA,282,206
PONCE,YAUCO,YAUCO,58099,PROFESORA LUISA MONSEGUR VELEZ,197,147
PONCE,YAUCO,YAUCO,58305,LOAIZA CORDERO DE ROSARIO,590,455
SAN JUAN,CAROLINA,CAROLINA I,60228,JESUS M. SUAREZ,127,103
SAN JUAN,CAROLINA,CAROLINA I,60251,CACAO CENTRO,157,139
SAN JUAN,CAROLINA,CAROLINA I,60277,JUANA RODRIQUEZ MUNDO,112,98
SAN JUAN,CAROLINA,CAROLINA I,60285,AGUSTIN RODRIGUEZ HERNANDEZ,102,89
SAN JUAN,CAROLINA,CAROLINA I,60293,DR. CLEMENTE FERNANDEZ,210,170
SAN JUAN,CAROLINA,CAROLINA I,60327,DR. FACUNDO BUESO,314,276
SAN JUAN,CAROLINA,CAROLINA I,60335,S. U. JESUS T. PINERO,419,352
SAN JUAN,CAROLINA,CAROLINA I,60343,JOSE SEVERO QUINONES,481,397
SAN JUAN,CAROLINA,CAROLINA I,60368,LUIS MUNOZ RIVERA,222,202
SAN JUAN,CAROLINA,CAROLINA I,60392,CRUZ SALGUERO TORRES,264,206
SAN JUAN,CAROLINA,CAROLINA I,60426,S. U. CARLOS CONDE MARIN,283,227
SAN JUAN,CAROLINA,CAROLINA I,60442,SALVADOR BRAU INTERMEDIA,216,182
SAN JUAN,CAROLINA,CAROLINA I,60459,PEDRO J. RODRIGUEZ OQUENDO,132,125
SAN JUAN,CAROLINA,CAROLINA I,60475,SALVADOR BRAU ELEMENTAL,115,91
SAN JUAN,CAROLINA,CAROLINA I,60905,LORENZO VIZCARRONDO,477,316
SAN JUAN,CAROLINA,CAROLINA I,61853,ANGEL P. MILLAN ROHENA SUPERIOR,518,381
SAN JUAN,CAROLINA,CAROLINA I,62182,FRANCISCO (PRISCO) FUENTES,361,266
SAN JUAN,CAROLINA,CAROLINA I,64949,ROBERTO CLEMENTE,298,265
SAN JUAN,CAROLINA,CAROLINA I,65367,MARTIN GONZALEZ,393,299
SAN JUAN,CAROLINA,CAROLINA I,66480,PETRA ROMAN VIGO,219,203
SAN JUAN,CAROLINA,CAROLINA I,68510,JUANA A MENDEZ(METROPOLIS),496,399
SAN JUAN,CAROLINA,CAROLINA I,75986,INTERMEDIA NUEVO ENF ANGEL P. MILLAN ,459,405
SAN JUAN,CAROLINA,CAROLINA II,60301,INTERMEDIA  EDUARDO J. SALDANA,191,164
SAN JUAN,CAROLINA,CAROLINA II,60319,AMALIA EXPOSITO,322,274
SAN JUAN,CAROLINA,CAROLINA II,60350,JULIA DE BURGOS,345,269
SAN JUAN,CAROLINA,CAROLINA II,60400,PASCASIO P. SANCERRIT,371,327
SAN JUAN,CAROLINA,CAROLINA II,60418,PEDRO MOCZO BANIET,355,291
SAN JUAN,CAROLINA,CAROLINA II,60434,INES M. MENDOZA DE MUNOZ MARIN,165,157
SAN JUAN,CAROLINA,CAROLINA II,62174,REV. FELIX CASTRO RODRIGUEZ,413,273
SAN JUAN,CAROLINA,CAROLINA II,64956,MARIA TERESA SERRANO,377,299
SAN JUAN,CAROLINA,CAROLINA II,65003,DR. JOSE M. LAZARO,484,347
SAN JUAN,CAROLINA,CAROLINA II,65078,JESUS MARIA SANROMA,428,356
SAN JUAN,CAROLINA,CAROLINA II,65268,DR. RAMON MELLADO PARSONS,162,148
SAN JUAN,CAROLINA,CAROLINA II,65276,MARIA LOPEZ PONCE,302,249
SAN JUAN,CAROLINA,CAROLINA II,65425,LUIS MUNOZ MARIN,239,231
SAN JUAN,CAROLINA,CAROLINA II,65433,JESUS RIVERA BULTRON,208,180
SAN JUAN,CAROLINA,CAROLINA II,65987,FRANCISCO MATIAS LUGO,550,381
SAN JUAN,CAROLINA,CAROLINA II,65995,RENE MARQUES,505,361
SAN JUAN,CAROLINA,CAROLINA II,66001,DR. MODESTO RIVERA RIVERA,322,242
SAN JUAN,CAROLINA,CAROLINA II,66019,AGUSTIN CABRERA,335,250
SAN JUAN,CAROLINA,CAROLINA II,66209,LUZ AMERICA CALDERON,479,320
SAN JUAN,CAROLINA,CAROLINA II,66498,MANUEL FEBRES GONZALEZ,406,374
SAN JUAN,CAROLINA,CAROLINA II,67660,LOLA RODRIGUEZ DE TIO,158,138
SAN JUAN,CAROLINA,CAROLINA II,69930,GILBERTO CONCEPCION DE GRACIA,730,530
SAN JUAN,GUAYNABO,GUAYNABO,75630,BETTY ROSADO DE VEGA,243,215
SAN JUAN,GUAYNABO,GUAYNABO,75648,JUANILLO FUENTES,225,192
SAN JUAN,GUAYNABO,GUAYNABO,75655,HATO NUEVO,118,105
SAN JUAN,GUAYNABO,GUAYNABO,75663,JOSE DE DIEGO,143,113
SAN JUAN,GUAYNABO,GUAYNABO,75671,ALEJANDRO CRUZ JR.,130,102
SAN JUAN,GUAYNABO,GUAYNABO,75689,S.U. RAFAEL HERNANDEZ,178,145
SAN JUAN,GUAYNABO,GUAYNABO,75697,JUAN ROMAN OCASIO,160,139
SAN JUAN,GUAYNABO,GUAYNABO,75705,RAFAEL MARTINEZ NADAL,448,362
SAN JUAN,GUAYNABO,GUAYNABO,75713,RAMON MARIN SOLA,414,350
SAN JUAN,GUAYNABO,GUAYNABO,75739,ROSALINA C. MARTINEZ,337,306
SAN JUAN,GUAYNABO,GUAYNABO,75747,MARIANO ABRIL ELEM.,229,195
SAN JUAN,GUAYNABO,GUAYNABO,75770,SANTA ROSA III (ESPECIALIZADA MONTESORI),211,171
SAN JUAN,GUAYNABO,GUAYNABO,75788,SANTIAGO IGLESIAS PANTIN,427,293
SAN JUAN,GUAYNABO,GUAYNABO,75796,ESPERANZA LINARES,96,74
SAN JUAN,GUAYNABO,GUAYNABO,75804,JUAN A. MIRANDA,495,390
SAN JUAN,GUAYNABO,GUAYNABO,75812,JOSEFINA BARCELO,387,306
SAN JUAN,GUAYNABO,GUAYNABO,75820,LUIS MUNOZ RIVERA 2,194,177
SAN JUAN,GUAYNABO,GUAYNABO,75838,MARGARITA JANER PALACIOS,742,569
SAN JUAN,GUAYNABO,GUAYNABO,75846,LUIS MUNOZ RIVERA 1,210,168
SAN JUAN,GUAYNABO,GUAYNABO,75879,JUAN PONCE DE LEON (ESPECIALIZADA MONTESSORI),272,150
SAN JUAN,GUAYNABO,GUAYNABO,75887,MARIANO ABRIL INTERMEDIA,130,112
SAN JUAN,GUAYNABO,GUAYNABO,78253,NUEVA ELEMENTAL URBANA GUAYNABO,645,545
SAN JUAN,GUAYNABO,TRUJILLO ALTO,60095,EL CONQUISTADOR,277,199
SAN JUAN,GUAYNABO,TRUJILLO ALTO,60913,PETRA ZENON DE FABERY (SUP. VOC.),475,311
SAN JUAN,GUAYNABO,TRUJILLO ALTO,61804,INTERMEDIA RAFAEL CORDERO,285,243
SAN JUAN,GUAYNABO,TRUJILLO ALTO,69013,TULIO LARRINAGA,328,258
SAN JUAN,GUAYNABO,TRUJILLO ALTO,69021,FAIR VIEW,328,278
SAN JUAN,GUAYNABO,TRUJILLO ALTO,69039,ANDRES VALCARCEL,319,264
SAN JUAN,GUAYNABO,TRUJILLO ALTO,69047,MEDARDO CARAZO,582,458
SAN JUAN,GUAYNABO,TRUJILLO ALTO,69054,JOSE F. DIAZ,419,303
SAN JUAN,GUAYNABO,TRUJILLO ALTO,69088,PAUL G. MILLER,287,239
SAN JUAN,GUAYNABO,TRUJILLO ALTO,69096,ANTONIO S. PEDREIRA ,174,138
SAN JUAN,GUAYNABO,TRUJILLO ALTO,69112,JESUS SILVA,372,347
SAN JUAN,GUAYNABO,TRUJILLO ALTO,69138,HERMINA DIAZ APONTE (LAGO ALTO),142,116
SAN JUAN,GUAYNABO,TRUJILLO ALTO,69146,JESUS T. PINERO,213,202
SAN JUAN,GUAYNABO,TRUJILLO ALTO,69153,NTRA. SRA. DE COVADONGA,153,144
SAN JUAN,GUAYNABO,TRUJILLO ALTO,69161,ELEMENTAL RAFAEL CORDERO,236,185
SAN JUAN,GUAYNABO,TRUJILLO ALTO,69179,INTERMEDIA ALEJANDRO TAPIA Y RIVERA,252,227
SAN JUAN,GUAYNABO,TRUJILLO ALTO,69187,EUGENIO MARIA DE HOSTOS,251,233
SAN JUAN,GUAYNABO,TRUJILLO ALTO,79087,ELEMENTAL BO QUEBRADA NEGRITO,188,150
SAN JUAN,SAN JUAN I,SAN JUAN I,60038,JULIAN BLANCO (ESPECIALIZADA BALLET),111,52
SAN JUAN,SAN JUAN I,SAN JUAN I,61572,CENTRAL ARTES VISUALES (ESPECIALIZADA),622,190
SAN JUAN,SAN JUAN I,SAN JUAN I,61580,ANTONIA B. CAIMARY,317,269
SAN JUAN,SAN JUAN I,SAN JUAN I,61598,ABRAHAN LINCOLN,139,109
SAN JUAN,SAN JUAN I,SAN JUAN I,61622,DR. FRANCISCO HERNANDEZ Y GAETAN,384,344
SAN JUAN,SAN JUAN I,SAN JUAN I,61630,EMILIO CASTELAR,180,162
SAN JUAN,SAN JUAN I,SAN JUAN I,61648,MADAME LUCHETTI,178,157
SAN JUAN,SAN JUAN I,SAN JUAN I,61655,DR. FACUNDO BUESO,317,287
SAN JUAN,SAN JUAN I,SAN JUAN I,61663,DR. JOSE CELSO BARBOSA,240,195
SAN JUAN,SAN JUAN I,SAN JUAN I,61671,JOSE JULIAN ACOSTA (ESPECIALIZADA TEATRO),199,104
SAN JUAN,SAN JUAN I,SAN JUAN I,61689,LUIS MUNOZ RIVERA,374,317
SAN JUAN,SAN JUAN I,SAN JUAN I,61705,RAFAEL MARIA DE LABRA,264,224
SAN JUAN,SAN JUAN I,SAN JUAN I,61721,MARTIN G. BRUMBAUGH,149,133
SAN JUAN,SAN JUAN I,SAN JUAN I,61747,PADRE RUFO (ESPECIALIZADA BILINGUE),315,178
SAN JUAN,SAN JUAN I,SAN JUAN I,61754,DR. PEDRO G. GOYCO,167,155
SAN JUAN,SAN JUAN I,SAN JUAN I,61762,RAFAEL CORDERO (ESPECIALIZADA COMERCIO),306,186
SAN JUAN,SAN JUAN I,SAN JUAN I,61770,SEGUNDO RUIZ BELVIS,156,144
SAN JUAN,SAN JUAN I,SAN JUAN I,61788,TOMAS CARRION MADURO,32,26
SAN JUAN,SAN JUAN I,SAN JUAN I,63016,MANUEL CUEVAS BACENER,214,196
SAN JUAN,SAN JUAN I,SAN JUAN I,63073,DR. JULIO J. HENNA,270,254
SAN JUAN,SAN JUAN I,SAN JUAN I,63081,LUIS LLORENS TORRES (ESPECIALIZADA MONTESSORI),257,225
SAN JUAN,SAN JUAN I,SAN JUAN I,63099,LUIS RODRIGUEZ CABRERO,237,235
SAN JUAN,SAN JUAN I,SAN JUAN I,63123,RAMON POWER Y GIRALT,231,214
SAN JUAN,SAN JUAN I,SAN JUAN I,63149,REPUBLICA DEL PERU,228,211
SAN JUAN,SAN JUAN I,SAN JUAN I,64279,INSTITUTO LOAIZA  CORDERO,126,74
SAN JUAN,SAN JUAN I,SAN JUAN I,64758,MARIA M. DE PEREZ ALMIROTY,168,167
SAN JUAN,SAN JUAN I,SAN JUAN II,61333,DR. ANTONIO S. PEDREIRA (ESPECIALIZADA),318,206
SAN JUAN,SAN JUAN I,SAN JUAN II,61341,DR. ISAAC GONZALEZ MARTINEZ,225,202
SAN JUAN,SAN JUAN I,SAN JUAN II,61358,ELEONOR ROOSEVELT,313,202
SAN JUAN,SAN JUAN I,SAN JUAN II,61366,CENTRO EUGENIO MARIA DE HOSTOS,59,51
SAN JUAN,SAN JUAN I,SAN JUAN II,61374,EUGENIO MARIA DE HOSTOS,183,161
SAN JUAN,SAN JUAN I,SAN JUAN II,61382,GABRIELA MISTRAL,438,354
SAN JUAN,SAN JUAN I,SAN JUAN II,61390,JUAN JOSE OSUNA (ESPECIALIZADA RADIO Y TV),203,78
SAN JUAN,SAN JUAN I,SAN JUAN II,61416,JULIO SELLES SOLA,647,298
SAN JUAN,SAN JUAN I,SAN JUAN II,61424,LA ESPERANZA (LUIS PALES MATOS),151,105
SAN JUAN,SAN JUAN I,SAN JUAN II,61432,LAS AMERICAS,227,185
SAN JUAN,SAN JUAN I,SAN JUAN II,61440,TRINA PADILLA DE SANZ,315,229
SAN JUAN,SAN JUAN I,SAN JUAN II,61457,LUIS MUNIZ SOUFFRONT,188,175
SAN JUAN,SAN JUAN I,SAN JUAN II,61473,S. U. NEMESIO R. CANALES 2,240,234
SAN JUAN,SAN JUAN I,SAN JUAN II,61481,PEDRO C. TIMOTHEE,171,138
SAN JUAN,SAN JUAN I,SAN JUAN II,61507,REPUBLICA DE MEJICO,270,227
SAN JUAN,SAN JUAN I,SAN JUAN II,61515,REPUBLICA DE BRASIL,214,166
SAN JUAN,SAN JUAN I,SAN JUAN II,61523,REPUBLICA DEL SALVADOR,158,127
SAN JUAN,SAN JUAN I,SAN JUAN II,61531,UNIVERSITY GARDENS (ESPECIALIZADA),514,151
SAN JUAN,SAN JUAN I,SAN JUAN II,61549,RAFAEL HERNANDEZ MARIN,271,180
SAN JUAN,SAN JUAN I,SAN JUAN II,61564,WILLIAM D. BOYCE,396,343
SAN JUAN,SAN JUAN I,SAN JUAN II,64402,ERNESTO RAMOS ANTONINI (MUSICA) (ESPECIALIZADA),579,243
SAN JUAN,SAN JUAN I,SAN JUAN II,64915,CENTRO PEDIATRICO,14,7
SAN JUAN,SAN JUAN I,SAN JUAN II,65334,ARTURO SOMOHANO,235,225
SAN JUAN,SAN JUAN I,SAN JUAN II,65946,NEMESIO R. CANALES I,216,183
SAN JUAN,SAN JUAN I,SAN JUAN II,65953,VICTOR PAREZ COLLAZO,65,42
SAN JUAN,SAN JUAN I,SAN JUAN II,66316,SOTERO FIGUEROA,409,180
SAN JUAN,SAN JUAN I,SAN JUAN II,66357,PEDRO C. TIMOTHEE ANEXO,43,35
SAN JUAN,SAN JUAN II,SAN JUAN III,62166,VENUS GARDENS INTERMEDIA,506,367
SAN JUAN,SAN JUAN II,SAN JUAN III,62406,ANGEL RAMOS,219,198
SAN JUAN,SAN JUAN II,SAN JUAN III,62422,ANTONIO SARRIERA EGOZCUE,455,349
SAN JUAN,SAN JUAN II,SAN JUAN III,62489,DRA. ANTONIA SAEZ,319,232
SAN JUAN,SAN JUAN II,SAN JUAN III,62521,FELIPE GUTIERREZ,383,367
SAN JUAN,SAN JUAN II,SAN JUAN III,62562,GASPAR VILA MAYANS,282,261
SAN JUAN,SAN JUAN II,SAN JUAN III,62588,LAS VIRTUDES,259,242
SAN JUAN,SAN JUAN II,SAN JUAN III,62653,ELEMENTAL VILLA GRANADA,174,145
SAN JUAN,SAN JUAN II,SAN JUAN III,62679,ELEMENTAL AMALIA MARIN,143,116
SAN JUAN,SAN JUAN II,SAN JUAN III,62752,MANUEL CEPERO,139,120
SAN JUAN,SAN JUAN II,SAN JUAN III,62786,GERARDO SELLES SOLA,290,202
SAN JUAN,SAN JUAN II,SAN JUAN III,62802,DR. JOSE CELSO BARBOSA,267,237
SAN JUAN,SAN JUAN II,SAN JUAN III,62810,LUIS MUNOZ RIVERA,232,184
SAN JUAN,SAN JUAN II,SAN JUAN III,62851,LUIS PEREIRA LEAL,94,63
SAN JUAN,SAN JUAN II,SAN JUAN III,62877,REPUBLICA DE COLOMBIA,238,205
SAN JUAN,SAN JUAN II,SAN JUAN III,62919,SABANA LLANA,296,270
SAN JUAN,SAN JUAN II,SAN JUAN III,62927,SAN AGUSTIN,250,166
SAN JUAN,SAN JUAN II,SAN JUAN III,62950,RAMON VILA MAYO,486,360
SAN JUAN,SAN JUAN II,SAN JUAN III,62968,VILLA CAPRI,265,243
SAN JUAN,SAN JUAN II,SAN JUAN III,64394,JARDINES DE MONTE HATILLO,190,176
SAN JUAN,SAN JUAN II,SAN JUAN III,64410,ANGELES PATOR (SAN MARTIN),267,238
SAN JUAN,SAN JUAN II,SAN JUAN III,64691,DR. JOSE G. PADILLA,253,216
SAN JUAN,SAN JUAN II,SAN JUAN III,65557,INTERMEDIA VILLA GRANADA,247,209
SAN JUAN,SAN JUAN II,SAN JUAN III,65797,JARDINES DEL PARAISO,90,86
SAN JUAN,SAN JUAN II,SAN JUAN III,66225,CARMEN GOMEZ TEJERA,164,127
SAN JUAN,SAN JUAN II,SAN JUAN III,66241,DR. CESAREO ROSA NIEVES,279,261
SAN JUAN,SAN JUAN II,SAN JUAN III,67785,ELEMENTAL BERWIND,250,235
SAN JUAN,SAN JUAN II,SAN JUAN III,67934,INTERMEDIA BERWIND,422,376
SAN JUAN,SAN JUAN II,SAN JUAN III,67942,SUPERIOR BERWIND,335,281
SAN JUAN,SAN JUAN II,SAN JUAN III,77289,ELEMENTAL NUEVA DR. RAFAEL LoPEZ SICARDo,240,212
SAN JUAN,SAN JUAN II,SAN JUAN IV,61325,BELLA VISTA,85,78
SAN JUAN,SAN JUAN II,SAN JUAN IV,62398,MIGUEL SUCH,875,717
SAN JUAN,SAN JUAN II,SAN JUAN IV,62430,BOLIVAR PAGAN,428,369
SAN JUAN,SAN JUAN II,SAN JUAN IV,62448,MOISES MELENDEZ,191,167
SAN JUAN,SAN JUAN II,SAN JUAN IV,62463,PACHIN MARIN,298,272
SAN JUAN,SAN JUAN II,SAN JUAN IV,62497,DR. JOSE N. GANDARA,291,267
SAN JUAN,SAN JUAN II,SAN JUAN IV,62513,EMILIO DEL TORO CUEVAS,141,100
SAN JUAN,SAN JUAN II,SAN JUAN IV,62539,JUANITA GARCIA PERAZA,290,258
SAN JUAN,SAN JUAN II,SAN JUAN IV,62547,JUAN PONCE DE LEON,127,114
SAN JUAN,SAN JUAN II,SAN JUAN IV,62554,JUAN RAMON JIMENEZ,238,207
SAN JUAN,SAN JUAN II,SAN JUAN IV,62570,LAS MERCEDES,272,204
SAN JUAN,SAN JUAN II,SAN JUAN IV,62604,MANUEL A. PEREZ,243,192
SAN JUAN,SAN JUAN II,SAN JUAN IV,62612,RAFAEL HERNANDEZ,213,161
SAN JUAN,SAN JUAN II,SAN JUAN IV,62646,SANTIAGO IGLESIAS PANTIN,262,233
SAN JUAN,SAN JUAN II,SAN JUAN IV,62984,ALBERT EINSTEIN,309,242
SAN JUAN,SAN JUAN II,SAN JUAN IV,62992,JAIME ROSARIO (B VISTA ELEMENTAL),184,164
SAN JUAN,SAN JUAN II,SAN JUAN IV,63024,MANUEL ELZABURU VIZCARRONDO,310,286
SAN JUAN,SAN JUAN II,SAN JUAN IV,63032,FEDERICO ASENJO (PRE-TECNICA) (ESPECIALIZADA),306,256
SAN JUAN,SAN JUAN II,SAN JUAN IV,63057,HAYDEE REXACH,172,156
SAN JUAN,SAN JUAN II,SAN JUAN IV,63065,JESUS MARIA QUINONES,189,113
SAN JUAN,SAN JUAN II,SAN JUAN IV,63107,MANUEL BOADA,292,277
SAN JUAN,SAN JUAN II,SAN JUAN IV,63131,ERNESTO RAMON ANTONINI,352,303
SAN JUAN,SAN JUAN II,SAN JUAN IV,63156,SANTIAGO IGLESIAS PANTIN,230,189
SAN JUAN,SAN JUAN II,SAN JUAN IV,63164,SOFIA REXACH (ESPECIALIZADA MONTESSORI),126,103
SAN JUAN,SAN JUAN II,SAN JUAN IV,63172,ALEJANDRO TAPIA Y RIVERA,269,222
SAN JUAN,SAN JUAN II,SAN JUAN IV,64527,GUSTAVO A. BECQUER,254,235
SAN JUAN,SAN JUAN II,SAN JUAN IV,64998,LCDO.  GUILLERMO ATILES MOREAU,123,67
SAN JUAN,SAN JUAN II,SAN JUAN IV,66167,FRAY BARTOLOME DE LAS CASAS,390,383
SAN JUAN,SAN JUAN II,SAN JUAN V,61317,EMILIO B. HUYKE,157,142
SAN JUAN,SAN JUAN II,SAN JUAN V,61408,JUAN B. HUYKE,306,259
SAN JUAN,SAN JUAN II,SAN JUAN V,61499,RAFAEL RIVERA OTERO,311,293
SAN JUAN,SAN JUAN II,SAN JUAN V,61556,EVARISTO RIVERA CHEVREMONT,312,298
SAN JUAN,SAN JUAN II,SAN JUAN V,62661,AMALIA MARIN,418,332
SAN JUAN,SAN JUAN II,SAN JUAN V,62703,RAFAEL QUINONES VIDAL,240,187
SAN JUAN,SAN JUAN II,SAN JUAN V,62745,FELISA RINCON DE GAUTIER,173,120
SAN JUAN,SAN JUAN II,SAN JUAN V,62760,SALVADOR BRAU,135,101
SAN JUAN,SAN JUAN II,SAN JUAN V,62836,ANA ROQUE DE DUPREY,190,171
SAN JUAN,SAN JUAN II,SAN JUAN V,62844,ABELARDO DIAZ ALFARO,123,80
SAN JUAN,SAN JUAN II,SAN JUAN V,62885,JOSE COLOMBAN ROSARIO,217,158
SAN JUAN,SAN JUAN II,SAN JUAN V,62893,JUAN ANTONIO CORRETJER,246,178
SAN JUAN,SAN JUAN II,SAN JUAN V,62901,INES M MENDOZA VDA DE MUNOZ MARIN,598,496
SAN JUAN,SAN JUAN II,SAN JUAN V,62935,CARMEN SANABRIA DE FIGUEROA,188,152
SAN JUAN,SAN JUAN II,SAN JUAN V,62943,S. U. DR. ARTURO MORALES CARRION,307,262
SAN JUAN,SAN JUAN II,SAN JUAN V,65284,JOSE M. RIVERA SOLIS,236,203
SAN JUAN,SAN JUAN II,SAN JUAN V,65359,CONCHA MELENDEZ,110,108
SAN JUAN,SAN JUAN II,SAN JUAN V,65938,DR. EFRAIN SANCHEZ HIDALGO,41,33
SAN JUAN,SAN JUAN II,SAN JUAN V,66076,EL SENORIAL,261,168
SAN JUAN,SAN JUAN II,SAN JUAN V,66233,LUZ ENEIDA COLON (LA CUMBRE),415,325
,,Total Escuelas:,1442,Total de EstudiaNtes:,408226,314397
